,wiki,google,latitude
Ropar,"[30.9676, 76.53206666666667]","[30.975254, 76.527328]","[30.96896111111111, 76.52695]"
Palamu,"[24.03, 84.07]","[None, None]","[24.039711111111114, 84.0658]"
Bellary,"[15.116666666666667, 76.92133333333334]","[15.139393, 76.92144]","[15.14205, 76.92398055555556]"
Muzaffarnagar,"[29.482217, 77.700116]","[29.471397, 77.696732]","[29.47, 77.68]"
Mokokchung,"[26.323333333333334, 94.51]","[None, None]","[26.33, 94.53]"
DHANDHUKA,"[None, None]","[None, None]","[22.38185, 71.98663888888889]"
Pathanamthitta,"[9.2648, 76.787]","[9.264758, 76.787041]","[9.270000000000001, 76.78]"
Bahadurgarh,"[28.68, 76.92]","[28.68, 76.919998]","[28.68, 76.92]"
Margoa,"[15.27361, 73.95806]","[None, None]","[15.3, 73.95]"
Sehore,"[23.2, 77.08]","[23.198437000000002, 77.09518399999999]","[23.2, 77.08]"
Kangra,"[None, None]","[32.099804, 76.269104]","[32.1, 76.27]"
Aurangabad,"[None, None]","[19.901054, 75.35247799999999]","[19.877569444444443, 75.3422611111111]"
SOMNATH JUNAGADHA,"[None, None]","[None, None]","[21.52, 70.47]"
Buldhana,"[20.53278, 76.18278]","[None, None]","[19.979999999999997, 76.51]"
Chikkamagaluru,"[13.313, 75.737]","[None, None]","[13.32231111111111, 75.774]"
BARDOLI,"[None, None]","[21.124857000000002, 73.11260999999999]","[21.12, 73.11999999999999]"
Ramban,"[None, None]","[None, None]","[None, None]"
Belgaum,"[15.856666666666666, 74.5]","[15.852791999999999, 74.498703]","[15.870000000000001, 74.5]"
Faizabad,"[26.758573333333334, 82.14335333333334]","[None, None]","[26.779999999999998, 82.13]"
Jajapur,"[20.85, 86.33]","[None, None]","[26.92, 75.82]"
Ramgarh,"[None, None]","[23.63438, 85.526421]","[29.45, 79.55]"
Kargil,"[34.55, 76.133]","[34.319995500000005, 75.46493899999999]","[34.557649999999995, 76.12621944444444]"
Behrampur,"[None, None]","[19.314962, 84.79409]","[19.32, 84.78]"
Mohali,"[30.78, 76.69]","[30.704649, 76.717873]","[30.67995, 76.72211111111112]"
Palakkad,"[10.77, 76.65]","[10.784703, 76.65314500000001]","[10.7744, 76.65625]"
Sitamarhi,"[26.6, 85.48]","[26.587298999999998, 85.501183]","[26.6, 85.48]"
Madurai,"[9.9122925, 78.10986]","[9.939093, 78.121719]","[9.917349999999999, 78.11961944444444]"
Vidisha,"[23.53, 77.82]","[23.530001, 77.82]","[23.529999999999998, 77.82]"
Almora,"[29.5971, 79.6591]","[29.594189, 79.65389300000001]","[29.62, 79.67]"
Janjgir-Champa,"[22.01694, 82.56694]","[None, None]","[None, None]"
Madhepura,"[25.91444, 86.78265]","[25.924702, 86.794525]","[None, None]"
Sonbhadra,"[24.68972, 83.06528]","[None, None]","[None, None]"
Panchkula,"[30.74, 76.8]","[30.695202000000002, 76.85417199999999]","[30.556994444444445, 76.93985277777779]"
Bargarh,"[21.331999999999997, 83.61800000000001]","[21.342585, 83.62419899999999]","[21.333480555555553, 83.61904999999999]"
Tezpur,"[26.63, 92.8]","[26.651218, 92.783813]","[26.633330555555556, 92.8]"
Tiruppur,"[11.109166666666667, 77.33993333333333]","[11.110695, 77.348045]","[11.115411111111111, 77.35456111111111]"
Veraval,"[20.906666666666666, 70.37]","[None, None]","[20.9, 70.36999999999999]"
Puri,"[19.81056, 85.83139]","[19.817743, 85.82862899999999]","[19.8, 85.85]"
Parbhani,"[19.2672925, 76.780765]","[19.25779, 76.773743]","[19.27, 76.78]"
Vadodara,"[22.3, 73.19666666666667]","[22.310696, 73.19263500000001]","[22.3, 73.19]"
Karur,"[10.95, 78.08]","[None, None]","[10.950000000000001, 78.08]"
Rishikesh,"[30.106676, 78.296398]","[30.087159999999997, 78.268112]","[30.10336666666667, 78.29475277777777]"
Udalguri,"[26.7452, 92.0962]","[None, None]","[26.753669444444444, 92.10215]"
Krishna,"[None, None]","[15.754239, 80.89727]","[15.716663888888888, 79.31666666666666]"
Murshidabad,"[24.18, 88.27]","[24.175903, 88.280182]","[23.95, 88.03]"
Howrah,"[22.58444, 88.26639]","[22.598937333333332, 88.267573]","[22.59, 88.31]"
Dantewada,"[18.9, 81.35]","[None, None]","[18.9, 81.35]"
Kanchipuram,"[12.873333333333333, 79.71]","[None, None]","[11.833330555555555, 78.0]"
Gulbarga,"[17.12, 76.31]","[None, None]","[17.335830555555553, 76.83756944444444]"
Gadwal,"[16.23, 77.8]","[None, None]","[16.229999999999997, 77.8]"
Chhindwara,"[22.07, 78.93]","[22.057163, 78.938202]","[22.07, 78.93]"
Bijapur,"[16.83, 75.70666666666666]","[16.827545, 75.72532700000001]","[16.83, 75.7]"
Udaipur,"[24.561683, 73.67903866666667]","[24.57127, 73.69154400000001]","[24.571169444444443, 73.69183055555555]"
Durg,"[21.19, 81.28]","[21.190449, 81.28492]","[21.191469444444444, 81.27618888888888]"
Ernakulam,"[9.98, 76.28]","[9.957396, 76.342911]","[9.98, 76.28]"
Lohardaga,"[23.43, 84.68]","[23.43, 84.68]","[23.43, 84.68]"
DEESA,"[None, None]","[24.258503, 72.190674]","[23.029999999999998, 72.58]"
Hingoli,"[19.72, 77.15]","[None, None]","[19.72, 77.15]"
Bhopal,"[23.25, 77.417]","[23.259933, 77.41261300000001]","[23.25468888888889, 77.4028888888889]"
Proddattur,"[None, None]","[14.752805, 78.552757]","[14.7502, 78.54813055555556]"
Secunderabad,"[17.45, 78.5]","[17.43993, 78.498276]","[17.45, 78.5]"
Amravati,"[20.927220000000002, 77.75981333333333]","[20.937424, 77.779549]","[20.93, 77.75]"
Nabha,"[30.37, 76.15]","[30.373674, 76.145187]","[30.37, 76.15]"
Nagpur,"[21.15, 79.083]","[21.146632999999998, 79.08886]","[21.14631111111111, 79.08491111111111]"
Raipur,"[21.25, 81.63]","[21.25, 81.62999699999999]","[21.233330555555554, 81.63333055555555]"
Balasore,"[21.49, 86.93]","[21.494978, 86.942657]","[21.49266111111111, 86.93348055555556]"
Chittorgarh,"[24.88, 74.63]","[24.864614000000003, 74.616852]","[24.88, 74.63]"
Midnapore East,"[None, None]","[21.937288, 87.776337]","[21.627761111111113, 87.51965]"
KALOL,"[None, None]","[None, None]","[22.606, 73.46300000000001]"
BAJWA,"[None, None]","[None, None]","[None, None]"
Morvi,"[22.82, 70.83]","[22.811989, 70.823616]","[22.81731111111111, 70.8377]"
Haveri,"[14.795926666666666, 75.40259333333334]","[14.795903, 75.397125]","[14.8, 75.4]"
Bengaluru,"[12.975750000000001, 77.57325]","[12.972442000000001, 77.580643]","[12.97, 77.56]"
Travancore,"[8.433, 76.917]","[8.524139000000002, 76.936638]","[14.799997222222222, 74.11666666666666]"
Akola,"[20.7, 77.0]","[20.707228, 77.00296]","[20.499997222222223, 77.16666666666667]"
Cuddalore,"[11.75, 79.75]","[11.744698999999999, 79.768021]","[11.746288888888888, 79.76436111111111]"
East Godavari,"[16.95, 82.25]","[None, None]","[17.833330555555555, 81.83333055555555]"
Sonitpur,"[26.63, 92.8]","[None, None]","[26.633330555555556, 92.8]"
Ganganagar,"[29.92, 73.88]","[None, None]","[29.92, 73.88]"
Kottayam,"[9.5947087, 76.4855729]","[9.591441000000001, 76.522171]","[9.586919444444446, 76.52131944444444]"
Hardoi,"[27.42, 80.12]","[27.395527, 80.13132499999999]","[27.42, 80.11999999999999]"
Pauri Garhwal,"[None, None]","[30.221398999999998, 78.780045]","[30.15286111111111, 78.7771]"
Ankleshwar,"[None, None]","[21.617355, 72.997627]","[21.632361111111113, 72.99001111111112]"
Unnao,"[26.55, 80.49]","[None, None]","[26.55, 80.48]"
RADHANPUR,"[None, None]","[None, None]","[23.83, 71.6]"
Nagaon,"[26.3503828, 92.6795912]","[None, None]","[26.00281111111111, 92.85605]"
Bhiwadi,"[28.21, 76.87]","[None, None]","[28.210238888888888, 76.86056111111111]"
Ongole,"[15.506, 80.049]","[15.505723, 80.049919]","[15.503569444444445, 80.04453888888888]"
Magadh,"[None, None]","[None, None]","[24.749997222222223, 85.0]"
Korba,"[None, None]","[22.363848, 82.73484]","[22.35, 82.68]"
Angul,"[20.96204, 85.43370666666667]","[None, None]","[21.21, 86.11]"
Dadra & nagar Haveli,"[None, None]","[None, None]","[None, None]"
West Garo Hills,"[None, None]","[25.567937999999998, 90.224464]","[None, None]"
Mundra,"[22.85, 69.73]","[22.83952, 69.721329]","[22.85, 69.73]"
Chandauli,"[25.27, 83.27]","[25.260456, 83.266266]","[25.27, 83.27]"
Chamarajanagar,"[11.924, 76.94346666666667]","[11.926147, 76.94373300000001]","[11.923119444444444, 76.93948888888889]"
Jamnagar,"[22.47, 70.07]","[22.470701, 70.057732]","[22.47, 70.07]"
Hamirpur,"[None, None]","[31.690783, 76.517715]","[31.68, 76.52]"
Banka,"[None, None]","[24.885483, 86.920731]","[24.88, 86.92]"
Rampur,"[None, None]","[28.73337725, 79.75372725]","[28.8, 79.0]"
Ghaziabad,"[None, None]","[28.667856, 77.449791]","[28.66535, 77.43915]"
Azamgarh,"[26.068, 83.184]","[26.072067, 83.185654]","[26.060000000000002, 83.19]"
Kheda,"[22.75, 72.68]","[22.75065, 72.684669]","[22.752180555555555, 72.68533055555557]"
Washim,"[20.1, 77.15]","[20.1, 77.150002]","[None, None]"
Chennai,"[13.083, 80.267]","[13.067439, 80.237617]","[13.083666666666668, 80.26866666666666]"
Kaithal,"[29.8015, 76.39973333333333]","[None, None]","[29.8, 76.38]"
Kishanganj,"[26.07944, 87.93722]","[26.307793, 87.776337]","[25.7, 86.95]"
Munger,"[25.381, 86.465]","[25.37571, 86.474373]","[25.383330555555556, 86.46666388888889]"
Tirunelveli,"[8.7282833, 77.6955389]","[None, None]","[8.73, 77.7]"
Kamrup Metropolitian,"[None, None]","[None, None]","[26.099999999999998, 91.86666388888888]"
Hazaribagh,"[23.98, 85.35]","[None, None]","[24.0, 85.25]"
Morena,"[26.5, 78.0]","[26.5, 78.0]","[26.498919444444446, 77.9953388888889]"
Jhalawar,"[24.593333333333334, 76.15666666666667]","[24.597348999999998, 76.16098000000001]","[24.6, 76.15]"
Lucknow,"[26.85, 80.95]","[26.863905000000003, 80.90280200000001]","[26.839280555555554, 80.92313055555556]"
Neemuch,"[24.476385, 74.87]","[23.833717, 80.420609]","[None, None]"
Bolangir,"[20.72, 83.48]","[None, None]","[20.72, 83.48]"
Bathinda,"[30.22, 74.95129333333333]","[30.210995, 74.945473]","[30.207469444444445, 74.93893055555556]"
Vizianagaram,"[18.12, 83.42]","[18.106659, 83.395554]","[18.12, 83.42]"
Mathura,"[27.421666666666667, 77.58574]","[27.492413000000003, 77.673676]","[27.279999999999998, 77.41000000000001]"
Thoubal,"[24.63, 94.02]","[None, None]","[24.63, 94.02]"
Farrukhabad,"[27.37, 79.63]","[None, None]","[27.399997222222222, 79.56666388888888]"
Vijayawada,"[16.5193, 80.6305]","[16.515099, 80.63209499999999]","[16.513630555555554, 80.62973888888888]"
Nellore,"[14.446666666666665, 79.98666666666666]","[14.442599, 79.986458]","[14.453630555555554, 79.9867388888889]"
ANJAR,"[None, None]","[None, None]","[23.13, 70.02]"
Mandsaur,"[24.03, 75.08]","[24.076836, 75.06929799999999]","[24.071838888888887, 75.06986111111111]"
Karimnagar,"[18.43694, 79.12417]","[18.438555, 79.12883799999999]","[18.43, 79.15]"
Dausa,"[26.8888, 76.33500000000001]","[26.894478, 76.334824]","[26.88, 76.33]"
Panipat,"[29.39, 76.97]","[29.398927999999998, 76.977081]","[29.39, 76.97]"
Gorkakhpur,"[29.443802, 75.670266]","[26.765844, 83.364944]","[26.766280555555557, 83.36888888888888]"
Namakkal,"[11.232000000000001, 78.168]","[11.229592, 78.171158]","[11.23, 78.17]"
Karad,"[17.2718765, 74.1800125]","[17.286501, 74.181427]","[17.279999999999998, 74.2]"
AHMEDB,"[None, None]","[23.033863, 72.585022]","[23.029999999999998, 72.58]"
Kolkata,"[22.5726, 88.3639]","[None, None]","[22.549997222222224, 88.33333333333333]"
nan,"[None, None]","[None, None]","[28.4601, 77.02635]"
Mahendragarh,"[28.28, 76.15]","[28.268347, 76.15093200000001]","[28.279999999999998, 76.15]"
Patiala,"[30.333333333333332, 76.38666666666667]","[30.34, 76.37999699999999]","[30.33, 76.4]"
Anuppur,"[23.1, 81.68]","[None, None]","[23.1, 81.68]"
Fatehgarh Sahib,"[30.64722, 76.39306]","[30.566622000000002, None]","[None, None]"
Kapurthala,"[31.38, 75.38]","[31.379999, 75.37999699999999]","[31.380111111111113, 75.38104999999999]"
Rae Bareli,"[26.23384, 81.233597]","[26.230299, 81.240891]","[26.2309, 81.23315]"
Shajapur,"[23.43, 76.27]","[23.433300000000003, 76.266701]","[23.43, 76.27]"
Koderma,"[24.47, 85.6]","[None, None]","[24.3, 85.41666944444445]"
Jalpaiguri,"[26.52, 88.73]","[26.540457, 88.719391]","[26.52, 88.73]"
Panch Mahals,"[22.75, 73.6]","[None, None]","[27.171166666666668, 78.03866666666667]"
Dungarpur,"[23.84, 73.72]","[23.68, 74.019997]","[21.287769444444447, 71.7556]"
Jaintia Hills,"[None, None]","[None, None]","[None, None]"
Rudrapur,"[None, None]","[28.978298, 79.399612]","[22.09, 82.15]"
Dhubri,"[None, None]","[26.01284, 89.976929]","[26.27, 90.47]"
Khammam,"[17.25, 80.15666666666667]","[17.247253, 80.151443]","[17.247669444444444, 80.14368055555556]"
East Singhbhum,"[22.8, 86.1834]","[None, None]","[22.802780555555557, 86.18545]"
Malabar,"[None, None]","[11.74805, 75.48938]","[12.01065, 75.27038888888889]"
Ashoknagar,"[24.58, 77.73]","[13.038321, 80.213593]","[24.575780555555557, 77.73123055555556]"
Gonda,"[None, None]","[27.133875, 81.96199]","[27.13, 81.93]"
Guna,"[None, None]","[None, None]","[24.64691111111111, 77.3113]"
Gandhidham,"[23.08, 70.13]","[23.0791, 70.140152]","[23.083330555555555, 70.13333055555555]"
Ludhiana,"[30.906666666666666, 75.85]","[30.900965, 75.857277]","[30.9, 75.85]"
ADIPUR,"[None, None]","[None, None]","[None, None]"
Cuttack,"[20.52342666666667, 85.78806]","[20.462521, 85.882988]","[20.5, 85.83]"
Ambedkar Nagar,"[None, None]","[26.468394999999997, 82.69154400000001]","[26.431, 82.53999999999999]"
Adilabad,"[19.67, 78.53]","[None, None]","[19.67, 78.53]"
Kanyakumari,"[8.082666666666666, 77.554]","[8.088306000000001, 77.53845199999999]","[8.08, 77.57]"
Jharsuguda,"[21.85, 84.03]","[None, None]","[21.85, 84.03]"
MAHUVA,"[None, None]","[21.092159, 71.770462]","[None, None]"
Rohtas,"[None, None]","[None, None]","[25.10298888888889, 84.11415]"
Ratlam,"[23.328223333333334, 75.04689]","[23.334169, 75.03763599999999]","[23.330330555555555, 75.04031944444445]"
Anand,"[None, None]","[22.556, 72.950996]","[22.57, 72.93]"
Dhamtari,"[20.71, 81.55]","[20.709999, 81.550003]","[20.707180555555556, 81.54873888888889]"
Hassan,"[None, None]","[13.009711, 76.102898]","[13.00715, 76.0962]"
Chandigarh,"[30.746666666666666, 76.78333333333333]","[30.741482, 76.768066]","[30.740000000000002, 76.78999999999999]"
North Cachar Hills,"[None, None]","[None, None]","[25.499997222222223, 93.0]"
Ponda,"[None, None]","[None, None]","[15.4, 74.02]"
Gajapati,"[None, None]","[None, None]","[None, None]"
Patan,"[None, None]","[24.437109, 76.47070833333333]","[23.83, 72.11999999999999]"
Samastipur,"[25.862931, 85.781064]","[None, None]","[25.862219444444445, 85.77953055555555]"
Jashpur,"[22.9, 84.15]","[22.887421, 84.138237]","[22.9, 84.15]"
Barabanki,"[None, None]","[26.937834, 81.18832400000001]","[26.92, 81.2]"
Ambur,"[12.78, 78.7]","[12.790361, 78.716606]","[12.780000000000001, 78.7]"
Udham Singh Nagar,"[28.98, 79.4]","[None, None]","[None, None]"
Kathua,"[32.379999999999995, 75.518]","[None, None]","[32.37, 75.52]"
Dhule,"[20.89981333333333, 74.77314666666668]","[20.903118, 74.774986]","[20.9, 74.78]"
Etah,"[27.63, 78.67]","[27.55875, 78.66256700000001]","[27.63, 78.67]"
Aluva,"[10.1167, 76.35]","[None, None]","[10.1167, 76.35]"
Bhilai,"[21.21, 81.38]","[None, None]","[21.20918888888889, 81.4285]"
Tirupati,"[13.65, 79.42]","[13.629065, 79.424446]","[13.63551111111111, 79.41988888888889]"
Rajgarh,"[None, None]","[28.664081999999997, 75.38063]","[26.3, 74.61999999999999]"
Nalbari,"[26.445, 91.44]","[None, None]","[27.755861111111113, 96.62132222222222]"
Raichur,"[16.2, 77.37]","[16.200829, 77.36228899999999]","[16.2, 77.36999999999999]"
Kharagpur,"[22.330239, 87.323653]","[22.34601, 87.231972]","[22.33023888888889, 87.32365277777778]"
Chittoor,"[13.2, 79.1167]","[13.217096, 79.10067699999999]","[13.41666388888889, 79.0]"
Yavatmal,"[20.24, 78.06]","[20.388794, 78.120407]","[20.7333, 80.0833]"
Halol,"[22.5, 73.47]","[22.496063, 73.475449]","[22.50321111111111, 73.47241944444444]"
Bhilwara,"[25.353284666666667, 74.637597]","[None, None]","[25.35, 74.63]"
Nabarangpur,"[19.23, 82.55]","[19.229999999999997, 82.550003]","[19.231138888888886, 82.5482611111111]"
Jamui,"[24.92, 86.22]","[24.92, 86.220001]","[24.92, 86.22]"
Umaria,"[23.393333333333334, 80.27666666666666]","[None, None]","[23.524730555555553, 80.8371611111111]"
Goa,"[15.5, 73.83]","[15.496777, 73.827827]","[None, None]"
Firozabad,"[27.15, 78.415]","[None, None]","[27.15, 78.39999722222223]"
Gwalior,"[26.221014, 78.17868266666666]","[26.218286999999997, 78.18283100000001]","[26.229830555555555, 78.17336944444445]"
Dhalai,"[23.933, 91.85]","[None, None]","[24.079638888888887, 91.59971944444445]"
NALIYA,"[None, None]","[None, None]","[23.260580555555556, 68.82655]"
Kushinagar,"[26.741, 83.888]","[26.765386, 83.8892405]","[26.9025, 83.98193888888889]"
Meerut,"[28.99, 77.7]","[28.984644, 77.705956]","[28.980019444444444, 77.70636111111111]"
Sonipat,"[28.986666666666665, 77.02133333333333]","[28.928774, 77.09127799999999]","[28.979999999999997, 77.02]"
MANDVI,"[None, None]","[22.833333999999997, 69.355476]","[22.810000000000002, 69.36]"
Kabri Anglong,"[None, None]","[None, None]","[26.0, 93.49999722222222]"
Dindigul,"[10.35, 77.95]","[None, None]","[10.368961111111112, 77.98036111111111]"
Kochi,"[9.969000000000001, 76.259]","[9.931232999999999, 76.267303]","[9.966663888888888, 76.21666666666667]"
Jalore,"[25.35, 72.62]","[25.344481, 72.625374]","[25.345580555555554, 72.61558888888888]"
Dharwad,"[15.45833, 75.00833]","[15.460251999999999, 75.010284]","[15.347761111111112, 75.13378055555556]"
Bankura,"[23.25, 87.07]","[23.233774, 87.08725]","[23.25, 87.07]"
Mahabub Nagar,"[None, None]","[17.056620000000002, 79.268333]","[16.729999999999997, 77.98]"
Phagwara,"[31.22, 75.77]","[31.22402, 75.770798]","[31.13, 75.47]"
Namchi,"[27.17, 88.35]","[None, None]","[27.17, 88.35]"
Faridabad,"[28.4211, 77.3078]","[28.395402999999998, 77.315292]","[28.43, 77.32]"
Malda,"[None, None]","[25.010841, 88.14109800000001]","[25.040000000000003, 88.14]"
Tanuku,"[16.75, 81.7]","[16.757174, 81.679962]","[16.75, 81.7]"
Satna,"[24.513666666666666, 80.71813333333333]","[24.579716, 80.83217599999999]","[24.34, 80.55]"
Gadag,"[15.4167, 75.6167]","[None, None]","[15.429769444444444, 75.6297111111111]"
Raigad,"[None, None]","[None, None]","[18.233780555555555, 73.43746944444445]"
Bokaro,"[None, None]","[None, None]","[23.290000000000003, 86.08999999999999]"
Churu,"[28.3, 74.95]","[28.29229, 74.966583]","[28.3, 74.95]"
Barnala,"[None, None]","[None, None]","[None, None]"
Kamrup Rural,"[None, None]","[None, None]","[26.333333333333332, 91.25]"
Udupi and Uttara Kannada,"[None, None]","[None, None]","[13.350000000000001, 74.75]"
Banaskantha,"[24.17306, 72.43139]","[None, None]","[24.20306111111111, 72.74471944444444]"
UMBERGAON,"[None, None]","[None, None]","[20.2, 72.75]"
Vapi,"[20.372, 72.917]","[None, None]","[20.371750000000002, 72.90493055555557]"
Wardha,"[20.744446666666665, 78.60370666666667]","[None, None]","[20.739330555555558, 78.59783888888889]"
Junagadh,"[21.52, 70.46533333333333]","[None, None]","[21.52, 70.47]"
Nainital,"[29.39, 79.44933333333333]","[29.380304, 79.46357]","[29.38, 79.45]"
Surendra Nagar,"[None, None]","[22.728392, 71.637077]","[22.72706111111111, 71.64856111111112]"
CHOTILA,"[None, None]","[None, None]","[22.423469444444446, 71.19641111111112]"
Upper Subansiri,"[28.3, 94.0]","[None, None]","[28.3, 94.0]"
Pathankot,"[32.266814, 75.6]","[32.265942, 75.64687300000001]","[32.27483888888889, 75.65286944444445]"
Araria,"[26.15, 87.52]","[26.131138, 87.44553400000001]","[26.15, 87.52]"
Mumbai,"[18.975, 72.82583]","[19.228824999999997, 72.854118]","[19.072830555555555, 72.8826111111111]"
Kannauj,"[27.07, 79.92]","[27.055189000000002, 79.91808300000001]","[27.07, 79.92]"
Gandhinagar,"[23.223, 72.65]","[23.237560000000002, 72.64778100000001]","[19.958163888888887, 73.80449722222222]"
Baran,"[None, None]","[None, None]","[25.1, 76.52]"
Kodad,"[16.99778, 79.96528]","[None, None]","[None, None]"
South Goa,"[15.2724, 73.9583]","[15.496777, 73.827827]","[None, None]"
Krishnagiri,"[12.53, 78.23]","[12.518611000000002, 78.21373700000001]","[12.519211111111112, 78.21381944444445]"
Kota,"[None, None]","[None, None]","[25.18, 75.83]"
Ballia,"[25.760392, 84.147055]","[25.758503, 84.14891100000001]","[25.45, 84.1]"
Basti,"[None, None]","[None, None]","[27.25, 83.0]"
Tonk,"[None, None]","[26.229376, 75.780945]","[26.17, 75.78]"
Kurukshetra,"[29.965717, 76.837006]","[29.969513, 76.87828099999999]","[None, None]"
AMALSAD,"[None, None]","[20.817595, 72.954918]","[None, None]"
Gurgaon,"[28.456, 77.029]","[28.457523, 77.026344]","[28.4601, 77.02635]"
Bastar,"[None, None]","[None, None]","[19.07, 82.03]"
Surendranagar,"[22.71667, 71.71667]","[22.728392, 71.637077]","[22.72706111111111, 71.64856111111112]"
IDAR,"[None, None]","[23.843393, 73.003059]","[23.83, 73.0]"
Allahabad,"[25.45, 81.85]","[None, None]","[25.45, 81.83999999999999]"
Gautam Buddha Nagar,"[28.5333, 77.3891]","[28.358982, 77.550758]","[None, None]"
Chitradurga,"[14.23, 76.4]","[14.23, 76.400002]","[14.23, 76.4]"
Hapur,"[28.727291333333334, 77.77715733333334]","[28.730579, 77.775879]","[28.72, 77.78]"
Godda,"[24.83, 87.22]","[None, None]","[24.83, 87.22]"
Tiruvannamalai,"[12.22, 79.07]","[None, None]","[12.226619444444445, 79.07461111111111]"
Barwani,"[22.03, 74.9]","[22.030001, 74.900002]","[22.029999999999998, 74.9]"
Siruguppa,"[15.63, 76.9]","[None, None]","[15.63, 76.89216944444445]"
Srikakulam,"[18.3, 83.9]","[18.296974000000002, 83.896782]","[18.3667, 84.1]"
Dindori,"[None, None]","[22.941793, 81.076843]","[None, None]"
Ramanathapuram,"[9.371333333333334, 78.83333333333333]","[10.997454999999999, 76.991592]","[9.38, 78.83]"
Anantapur,"[14.68, 77.59933333333333]","[14.685564, 77.595406]","[14.68, 77.6]"
Roorkee,"[29.873238866666668, 77.88661853333333]","[29.854263000000003, 77.888]","[29.87, 77.88]"
Bhiwani,"[28.78, 76.13]","[28.799046, 76.133514]","[28.7833, 76.13329999999999]"
Beawar,"[26.1, 74.32]","[26.100735, 74.319077]","[26.101188888888892, 74.32028055555556]"
Dholpur,"[26.7, 77.9]","[26.702517999999998, 77.893394]","[26.7, 77.9]"
Hospet,"[15.27, 76.39]","[None, None]","[15.26953888888889, 76.3871]"
Imphal East,"[24.8, 93.95]","[24.813967, 93.95027900000001]","[24.777272222222223, 94.06321944444444]"
Chandel,"[None, None]","[None, None]","[None, None]"
Bilaspur,"[None, None]","[22.078642, 82.15232800000001]","[22.09, 82.15]"
Guwahati,"[26.17222, 91.74583]","[26.148043, 91.731377]","[26.1844, 91.7458]"
Kendrapara,"[20.5, 86.42]","[None, None]","[20.5, 86.42]"
Rayagada,"[19.17, 83.42]","[None, None]","[19.17, 83.42]"
Dhanbad,"[23.7998, 86.4305]","[23.795399000000003, 86.42704]","[23.8, 86.45]"
Tinsukia,"[27.5, 95.36800000000001]","[None, None]","[27.489050000000002, 95.35991944444444]"
Datia,"[25.67, 78.47]","[25.665325, 78.460938]","[25.67, 78.47]"
Jhunjhunu,"[28.13, 75.4]","[28.128876, 75.399506]","[28.13, 75.4]"
Lakhimpur Kheri,"[28.1, 80.82]","[None, None]","[27.6, 80.33999999999999]"
Silvassa,"[20.27, 73.02]","[20.276266, 73.008308]","[20.27, 73.02]"
Khanna,"[None, None]","[30.702877, 76.220222]","[30.705469444444443, 76.22196111111111]"
Sabarkantha,"[23.6, 72.95]","[None, None]","[23.598930555555555, 72.96601944444444]"
Nashik,"[20.0, 73.78]","[19.997454, 73.78980299999999]","[19.997269444444445, 73.79096111111112]"
Deoghar,"[24.48, 86.7]","[24.482774999999997, 86.695175]","[24.479999999999997, 86.7]"
Damoh,"[23.85333333333333, 79.45]","[23.839053999999997, 79.44102500000001]","[21.88, 80.78]"
Jaunpur,"[None, None]","[25.748695, 82.698441]","[25.75356111111111, 82.68688888888889]"
Beed,"[18.99, 75.76]","[18.992012000000003, 75.776138]","[18.921836111111112, 72.83470555555554]"
Seraikela Kharsawan,"[22.7, 85.92]","[None, None]","[22.69903888888889, 85.9315388888889]"
Saharsa,"[25.88, 86.6]","[None, None]","[25.874980555555556, 86.5961111111111]"
Malappuram,"[11.041, 76.083]","[11.072035, 76.074005]","[11.040188888888888, 76.08236944444444]"
Kodagu,"[12.4208, 75.7397]","[None, None]","[None, None]"
Moradabad,"[28.83, 78.78]","[28.841064, 78.79531899999999]","[29.07, 78.63]"
Deogarh,"[None, None]","[21.536983000000003, 84.732338]","[21.537680555555557, 84.73371944444445]"
Jharkhand,"[23.35, 85.33]","[23.344101, 85.309563]","[23.35, 85.33]"
Firozpur,"[30.9166, 74.6]","[30.923433000000003, 74.610214]","[30.935, 74.624]"
Bidar,"[17.9, 77.5]","[17.92, 77.519722]","[17.9, 77.55]"
Buxar,"[25.56049, 83.98054]","[25.564711, 83.977745]","[25.575480555555554, 83.98043055555556]"
Sheopur,"[25.67, 76.7]","[25.057905666666667, 77.940201]","[25.67, 76.7]"
Dimapur,"[25.9175, 93.73389]","[25.906267, 93.727592]","[25.907497222222222, 93.73833055555555]"
Bharuch,"[21.708, 72.98533333333333]","[21.705723, 72.998199]","[21.7, 72.97]"
Mansa,"[None, None]","[29.988245000000003, 75.379257]","[29.98843888888889, 75.40166944444445]"
Dahod,"[22.83472, 74.25556]","[None, None]","[22.832830555555557, 74.2598611111111]"
Silchar,"[24.82, 92.8]","[24.833945999999997, 92.779282]","[24.827330555555555, 92.79786944444444]"
Muktsar,"[30.29, 74.31]","[30.480041999999997, 74.518204]","[None, None]"
Doda,"[33.13, 75.57]","[None, None]","[None, None]"
Jind,"[29.318, 76.318]","[29.316668, 76.316666]","[29.32, 76.32]"
Etawah,"[26.77, 79.03]","[None, None]","[26.77, 79.03]"
LUNAWADA,"[None, None]","[23.133257, 73.616074]","[23.133300000000002, 73.6167]"
Darrang,"[26.75, 92.5]","[26.452288, 92.027321]","[26.749997222222223, 92.49999722222222]"
Katni,"[23.48, 80.4]","[23.833717, 80.420609]","[23.479999999999997, 80.4]"
Ahmedabad,"[23.03, 72.58]","[23.033863, 72.585022]","[23.029999999999998, 72.58]"
Kutch,"[23.915, 70.367]","[23.733732, 69.859741]","[23.915, 70.36699999999999]"
Barmer,"[None, None]","[25.753155, 71.41806000000001]","[25.75, 71.38]"
Wayanad,"[11.63309, 76.089638]","[None, None]","[None, None]"
Surguja,"[23.117, 83.2]","[None, None]","[None, None]"
Kadapa,"[14.47, 78.82]","[None, None]","[14.47, 78.82]"
Chatra,"[24.20451, 84.87704]","[24.73163, 84.337532]","[24.20376111111111, 84.87031944444443]"
Coimbatore,"[11.01833, 76.9725]","[11.020522000000001, 76.96669800000001]","[11.00555, 76.96611944444444]"
Lunglei,"[22.88, 92.73]","[None, None]","[22.892469444444444, 92.74218055555555]"
Sundargarh,"[22.12, 84.03]","[22.125401, 84.045067]","[22.116669444444444, 84.03333055555555]"
Davanagere,"[14.4666, 75.9242]","[14.470586, 75.91415400000001]","[None, None]"
Jamshedpur,"[22.783, 86.2]","[22.805618, 86.20311000000001]","[22.8, 86.18]"
BILIMORA,"[None, None]","[None, None]","[20.769569444444443, 72.96133888888889]"
Rewa,"[None, None]","[24.530727, 81.29911]","[24.53256111111111, 81.29233888888889]"
Kollam,"[8.88, 76.6]","[8.893212, 76.614143]","[8.881130555555556, 76.58468888888889]"
Vellore,"[12.920145999999999, 79.132204]","[12.934968, 79.14688100000001]","[12.93, 79.13]"
Thiruvananthapuram,"[8.491666666666667, 76.935]","[8.524139000000002, 76.936638]","[8.4855, 76.9492388888889]"
Guntur,"[16.2972, 80.43853333333334]","[16.314209, 80.435028]","[16.2, 80.27]"
Valsad,"[20.616666666666667, 72.92733333333334]","[None, None]","[20.63, 72.93]"
Cooch Behar,"[26.345595000000003, 89.467]","[26.323921, 89.451088]","[26.36666388888889, 89.48333055555555]"
Anantnag,"[33.73, 75.15]","[33.729729, 75.14978]","[33.73068055555556, 75.15418055555556]"
PALANPUR,"[None, None]","[24.179331, 72.426682]","[24.1, 72.25]"
Dhar,"[22.598, 75.304]","[22.601292, 75.302467]","[22.6, 75.3]"
Hosur,"[12.735, 77.829]","[12.735126, 77.82933799999999]","[12.874172222222223, 77.65040833333335]"
Sangli,"[16.853, 74.583]","[16.867634, 74.57038899999999]","[16.854380555555558, 74.56416944444445]"
Nawadah,"[None, None]","[24.879999, 85.529999]","[24.749997222222223, 85.0]"
Burdwan,"[23.233, 87.867]","[23.232512999999997, 87.863419]","[23.25, 87.85]"
Rangareddy,"[17.3, 78.1]","[17.390653999999998, 77.834694]","[17.478724999999997, 78.44679166666667]"
Banswara,"[23.55, 74.45]","[23.546757000000003, 74.43383]","[23.55, 74.45]"
Mandya,"[12.52, 76.9]","[12.523731000000002, 76.89468400000001]","[12.520000000000001, 76.9]"
Jorhat,"[26.75, 94.22]","[None, None]","[26.75, 94.22]"
Jalgaon,"[20.997984, 75.566711]","[21.004194, 75.563942]","[21.002919444444444, 75.56601944444444]"
Dakshina Kannada,"[12.87, 74.88]","[None, None]","[13.0, 75.4]"
Bongaigaon,"[26.476666666666667, 90.56333333333333]","[None, None]","[26.47, 90.57]"
Sibsagar,"[26.98, 94.63]","[26.979999999999997, 94.62999699999999]","[26.984269444444447, 94.6378388888889]"
Bettiah,"[26.80139, 84.50278]","[26.799999000000003, 84.5]","[26.80228888888889, 84.50311111111111]"
Chamoli,"[30.42, 79.33]","[None, None]","[30.42, 79.33]"
Shilong,"[None, None]","[None, None]","[25.57, 91.88]"
Jodhpur,"[26.28, 73.02]","[26.263863, 73.008957]","[26.26841111111111, 73.00593888888889]"
Dibrugarh,"[None, None]","[None, None]","[27.479888888888887, 94.90836944444445]"
Karauli,"[26.5, 77.02]","[None, None]","[26.5, 77.02]"
East Khasi Hills,"[None, None]","[None, None]","[None, None]"
Sivagangai,"[9.87, 78.48]","[9.8667, 78.483299]","[9.847011111111112, 78.48358055555556]"
Kohima,"[25.670066666666667, 94.1118]","[None, None]","[25.67, 94.11999999999999]"
Daman,"[None, None]","[20.397372999999998, 72.832802]","[20.41431111111111, 72.83236111111111]"
Karnal,"[29.69, 76.98]","[29.685629, 76.990547]","[29.68, 76.98]"
Modasa,"[23.47, 73.3]","[None, None]","[23.47, 73.3]"
Sant Kabir Nagar,"[26.78, 83.06]","[None, None]","[26.779999999999998, 83.06]"
Sanga Reddy,"[None, None]","[17.611629, 78.08180999999999]","[17.3561, 78.5333]"
Porbandar,"[21.63, 69.6]","[None, None]","[21.62466388888889, 69.59999722222221]"
Latur,"[18.4, 76.56]","[18.407957, 76.57676699999999]","[18.397211111111112, 76.56783888888889]"
Betul,"[None, None]","[None, None]","[21.833330555555555, 77.83333055555555]"
Rajnandgaon,"[21.1, 81.03]","[None, None]","[21.1, 81.03]"
Sangamner,"[19.57, 74.22]","[19.581099, 74.205009]","[19.56783888888889, 74.2115388888889]"
Hyderabad,"[17.37, 78.48]","[17.38714, 78.491684]","[17.38405, 78.45636111111111]"
Kumbakonam,"[10.97, 79.42]","[10.959814999999999, 79.38089799999999]","[10.97, 79.42]"
Rajsamand,"[25.07, 73.88]","[25.0667, 73.88330099999999]","[25.07, 73.88]"
Kalka,"[30.83, 76.93]","[30.83, 76.93]","[30.839819444444444, 76.94065]"
Anjaw,"[None, None]","[None, None]","[None, None]"
DHORAJI,"[None, None]","[None, None]","[21.73358888888889, 70.4500388888889]"
Mangalore,"[12.849879999999999, 74.81996]","[12.786232, 75.200539]","[12.917230555555555, 74.85603055555555]"
Salem,"[None, None]","[27.091932, 78.146011]","[11.651169444444445, 78.15866944444446]"
Darbhanga,"[26.17, 85.9]","[26.152973, 85.901413]","[26.15216111111111, 85.89706944444445]"
Sangrur,"[30.25056, 75.84417]","[None, None]","[30.229999999999997, 75.83]"
South 24 Parganas,"[22.53, 88.33]","[None, None]","[22.529999999999998, 88.33]"
Ambikapur,"[None, None]","[23.116444, 83.196121]","[23.2, 83.03333333333333]"
Amreli,"[21.6, 71.22]","[21.603176, 71.222084]","[21.599830555555556, 71.21168888888889]"
Haridwar,"[29.945, 78.163]","[29.94569, 78.164246]","[29.94791111111111, 78.16025]"
Pali,"[None, None]","[25.771314999999998, 73.323685]","[25.77, 73.33]"
Mayurbhanj,"[21.933, 86.733]","[None, None]","[21.47, 85.58]"
Solan,"[30.91, 77.10466666666666]","[30.904486, 77.096733]","[30.92, 77.11999999999999]"
Siwan,"[None, None]","[26.219621999999998, 84.356659]","[26.22, 84.36]"
Surat,"[21.17016, 72.83070722]","[None, None]","[21.17, 72.83]"
Andman & Nicobar,"[None, None]","[None, None]","[None, None]"
Muzaffarpur,"[26.12125, 85.39528]","[26.121473, 85.36875199999999]","[26.12, 85.4]"
Idukki,"[9.85, 76.94]","[10.089167, 77.05972299999999]","[9.850000000000001, 76.96666944444445]"
Asansol,"[23.68, 86.99]","[None, None]","[23.683330555555557, 86.98333055555555]"
Kolhapur,"[16.69167, 74.23333]","[16.691307000000002, 74.244865]","[16.41, 74.13]"
Bardhaman,"[23.233, 87.867]","[23.232512999999997, 87.863419]","[23.25, 87.85]"
Pune,"[18.52028, 73.85667]","[18.516726, 73.85625499999999]","[18.519569444444443, 73.85535]"
Bhagalpur,"[25.25, 87.0]","[25.253391, 86.989059]","[25.24446111111111, 86.97183055555556]"
Raigarh,"[21.9, 83.4]","[21.9, 83.400002]","[21.9, 83.4]"
Saharanpur,"[29.965999999999998, 77.54733333333334]","[29.959694, 77.549057]","[29.97, 77.55]"
Agartala,"[23.833, 91.283]","[23.829321, 91.277847]","[23.83605, 91.27938888888889]"
Golaghat,"[26.52, 93.97]","[26.524075, 93.963188]","[26.52, 93.97]"
Margao,"[15.27361, 73.95806]","[None, None]","[15.3, 73.95]"
Seoni,"[22.08, 79.53]","[22.086868, 79.543488]","[22.085030555555555, 79.55036944444444]"
Ahmednagar,"[19.08, 74.73]","[19.101053, 74.740677]","[19.094569444444442, 74.73843055555555]"
VIJAPUR,"[None, None]","[None, None]","[23.57, 72.75]"
Siliguri,"[26.71, 88.43]","[None, None]","[26.71003888888889, 88.42851111111112]"
Deoria,"[None, None]","[None, None]","[26.501669444444445, 83.77936111111111]"
Cachar,"[25.083, 92.917]","[24.833945999999997, 92.779282]","[25.083333333333332, 92.91666388888889]"
Jagadalpur,"[19.07, 82.03]","[19.07, 82.029999]","[19.07, 82.03]"
Indore,"[22.71667, 75.84722]","[22.719568, 75.857727]","[22.717919444444444, 75.8333]"
Alleppey,"[9.506666666666666, 76.35333333333334]","[9.498066999999999, 76.338844]","[9.490038888888888, 76.32639999999999]"
Siddharthnagar,"[27.2335, 82.9585]","[None, None]","[27.3005, 83.09449722222222]"
Chapra,"[None, None]","[25.779566, 84.749886]","[25.7848, 84.7274]"
Jaisalmer,"[26.913, 70.915]","[26.911661, 70.922928]","[26.917630555555558, 70.90386944444445]"
Daman & Diu,"[20.42, 72.83]","[None, None]","[None, None]"
Chidambaram,"[11.396666666666667, 79.69666666666667]","[11.398194, 79.695358]","[11.399069444444445, 79.69113055555556]"
Mahbubnagar,"[16.743333333333332, 77.99333333333334]","[16.737509, 78.008125]","[16.729999999999997, 77.98]"
Kanpur,"[26.449923, 80.331874]","[26.478379, 80.311831]","[26.465230555555554, 80.34975]"
Nilgiris,"[11.404398333333333, 76.74839666666666]","[11.491603999999999, 76.73365]","[11.0, 76.13333333333333]"
Midnapore West,"[None, None]","[22.430889, 87.32148699999999]","[22.25, 87.65]"
Giridih,"[24.18, 86.3]","[None, None]","[24.18, 86.3]"
Malegaon,"[19.84, 75.54333333333334]","[20.560797, 74.52507]","[18.42, 77.53]"
Shahjahanpur,"[27.88, 79.91]","[27.883743, 79.91224700000001]","[27.88, 79.92]"
KAPADWANJ,"[None, None]","[None, None]","[23.02, 73.07]"
Jammu,"[32.73, 74.87]","[32.732998, 74.864273]","[32.74999722222222, 74.83333055555555]"
Fatehpur,"[None, None]","[25.920074, 80.809998]","[25.93, 80.8]"
Pratapgarh,"[None, None]","[25.897305, 81.94529700000001]","[25.933, 81.983]"
Bandipore,"[34.4167, 74.65]","[22.875028000000004, 75.71328]","[34.41728055555555, 74.64308055555556]"
Lakhisarai,"[25.16778, 86.09444]","[None, None]","[None, None]"
Abohar,"[30.1334, 74.2001]","[None, None]","[30.144530555555555, 74.19551944444444]"
DHANGARDHA,"[None, None]","[None, None]","[None, None]"
Tiruvarur,"[10.275333333333332, 79.52466666666666]","[None, None]","[10.77268888888889, 79.63680000000001]"
VISNAGAR,"[None, None]","[23.697231, 72.544571]","[23.7, 72.55]"
Dhenkanal,"[None, None]","[None, None]","[20.67, 85.6]"
Thane,"[19.172431, 72.957019]","[19.218329999999998, 72.978088]","[19.2437, 73.1355388888889]"
Damanjodi,"[18.82, 82.72]","[None, None]","[None, None]"
Moga,"[None, None]","[30.81646, 75.171707]","[30.8, 75.17]"
Jagdalpur,"[19.07, 82.03]","[19.07, 82.029999]","[19.08136111111111, 82.0213111111111]"
Jhajjar,"[28.62, 76.65]","[28.607111, 76.656914]","[28.62, 76.65]"
Mancherial,"[18.88, 79.45]","[None, None]","[18.8667, 79.4333]"
Kailashahar,"[24.33, 92.02]","[None, None]","[24.304833333333335, 92.00433333333334]"
Bhojpur,"[None, None]","[None, None]","[25.33, 84.42]"
Nawanshahr,"[31.1167, 76.1333]","[None, None]","[None, None]"
Nalgonda,"[17.05, 79.2689]","[17.056620000000002, 79.268333]","[17.05438888888889, 79.26706944444445]"
BHILAD,"[None, None]","[None, None]","[None, None]"
Sheikhpura,"[25.14028, 85.85083]","[31.716661, 73.985023]","[25.13993888888889, 85.84096111111111]"
Hoshiarpur,"[31.53, 75.92]","[31.527355, 75.913673]","[31.529999999999998, 75.92]"
Khandwa,"[21.823333333333334, 76.34333333333333]","[21.825733, 76.35257]","[21.83, 76.33]"
Gorakhpur,"[26.7588, 83.3697]","[26.765844, 83.364944]","[26.766280555555557, 83.36888888888888]"
Patna,"[25.6, 85.1]","[25.612677, 85.15887500000001]","[25.416663888888888, 85.16666666666667]"
Sikar,"[27.62, 75.15]","[27.615406, 75.125885]","[27.62, 75.15]"
Tiruchirapalli,"[10.805, 78.68556]","[None, None]","[10.8155, 78.69651111111112]"
Ujjain,"[23.169, 75.78233333333334]","[23.1793, 75.78491199999999]","[23.18238888888889, 75.77643055555555]"
Purnia,"[25.78, 87.47]","[None, None]","[25.77895, 87.47421944444444]"
Shahpura,"[None, None]","[29.35162, 77.548416]","[25.63, 74.93]"
Yadgir,"[16.77, 77.13]","[16.758604, 77.13775600000001]","[None, None]"
Warangal,"[18.0, 79.58]","[18.000055, 79.58816499999999]","[18.0, 79.58]"
Raisen,"[23.33, 77.8]","[23.326809, 77.78492]","[23.330330555555555, 77.7811]"
Bhavnagar,"[21.763333333333335, 72.15]","[None, None]","[21.774449999999998, 72.1525]"
Srinagar,"[34.09, 74.79]","[34.083656000000005, 74.797371]","[34.08565, 74.80555]"
Kanpur Dehat,"[26.3302, 79.96712]","[None, None]","[26.379, 79.95100000000001]"
Lohit,"[None, None]","[None, None]","[27.799997222222224, 95.46666388888889]"
Nagapattinam,"[10.77, 79.83]","[None, None]","[None, None]"
Katihar,"[25.53, 87.58]","[25.533508, 87.583748]","[25.529999999999998, 87.58]"
Dharmapuri,"[12.126, 78.154]","[12.106527, 78.136139]","[12.1277, 78.15793888888889]"
Imphal West,"[24.817, 93.9]","[24.782784, 93.885895]","[None, None]"
Kasaragod,"[12.5, 75.0]","[12.507643, 74.988213]","[12.5, 75.0]"
Churachandpur,"[24.333, 93.683]","[None, None]","[None, None]"
Alwar,"[27.55652, 76.62369266666666]","[27.560932, 76.62501499999999]","[27.57, 76.6]"
Jagatsinghpur,"[20.27, 86.17]","[None, None]","[20.27, 86.17]"
Purulia,"[23.336666666666666, 86.36333333333333]","[23.342257, 86.362839]","[23.33, 86.36999999999999]"
Nalanda,"[25.13667, 85.44389]","[25.122265, 85.456177]","[25.08, 85.42]"
West Singhbhum,"[22.5667, 85.8167]","[None, None]","[22.57, 85.82]"
Papum Pare,"[27.15, 93.72]","[None, None]","[None, None]"
Kokrajhar,"[26.4, 90.27]","[26.401436, 90.266701]","[26.4, 90.27]"
Tumkur,"[13.34, 77.1]","[None, None]","[13.341361111111112, 77.1022]"
Lakshadweep,"[11.004041666666666, 72.77004166666667]","[None, None]","[13.699997222222223, 72.18333333333334]"
Sambalpur,"[21.47, 83.97]","[21.468185, 83.975403]","[21.465269444444445, 83.97573055555556]"
Banda,"[None, None]","[None, None]","[25.499997222222223, 80.49999722222222]"
Bagalkote,"[16.18113333333333, 75.69720000000001]","[None, None]","[16.18, 75.7]"
KHAMBHAT,"[None, None]","[22.318083, 72.61898799999999]","[22.166833333333333, 72.41983055555556]"
Harda,"[22.33, 77.1]","[None, None]","[22.33, 77.1]"
Nayagarh,"[20.128, 85.10466666666666]","[20.127028, 85.10505699999999]","[20.13, 85.1]"
Hajipur,"[25.68, 85.22]","[25.68, 85.220001]","[25.68, 85.22]"
Malout,"[30.19, 74.499]","[30.191515, 74.497864]","[30.2167, 74.4833]"
Koraput,"[18.844066666666667, 82.7298]","[None, None]","[18.82, 82.72]"
Samba,"[None, None]","[None, None]","[32.54999722222222, 75.11666666666666]"
Gopal Ganj,"[None, None]","[26.467883999999998, 84.444649]","[26.47, 84.43]"
Una,"[None, None]","[None, None]","[31.479999999999997, 76.28]"
Gurdaspur,"[32.0333, 75.4]","[32.041942999999996, 75.40533400000001]","[None, None]"
Banaskhantha,"[None, None]","[None, None]","[24.20306111111111, 72.74471944444444]"
Amritsar,"[31.636666666666667, 74.86333333333333]","[31.63398, 74.872261]","[31.62233888888889, 74.87533888888888]"
Marigaon,"[26.253317, 92.342405]","[None, None]","[26.379569444444446, 92.3414611111111]"
Medak,"[18.040666666666667, 78.26533333333333]","[None, None]","[18.04531111111111, 78.26078055555556]"
Birbhum,"[None, None]","[None, None]","[23.916700000000002, 87.5333]"
West Godavari,"[16.117, 81.017]","[None, None]","[16.7, 81.1]"
Kaushambi,"[None, None]","[25.361053000000002, 81.40316800000001]","[25.530744444444444, 81.37729166666666]"
Champawat,"[29.33, 80.1]","[29.336098, 80.091026]","[29.33, 80.1]"
Barpeta,"[26.32, 91.0]","[26.330421, 91.004051]","[26.32, 91.0]"
Nadia,"[None, None]","[None, None]","[23.4, 88.5]"
Amareli,"[None, None]","[21.603176, 71.222084]","[21.599830555555556, 71.21168888888889]"
Gangtok,"[27.33083333333333, 88.61800000000001]","[27.338936, 88.606506]","[27.32573888888889, 88.6121611111111]"
Kishtwar,"[33.32, 75.77]","[None, None]","[33.32, 75.77]"
Janigir - Champa,"[None, None]","[None, None]","[None, None]"
Himatnagar,"[23.6, 72.95]","[23.597969, 72.969818]","[23.598930555555555, 72.96601944444444]"
Aligarh,"[27.88, 78.08]","[27.900382999999998, 78.07228099999999]","[27.88, 78.08]"
Nandurbar,"[21.37, 74.25]","[None, None]","[21.37, 74.25]"
Bhadrak,"[21.06, 86.5]","[21.051182, 86.485748]","[None, None]"
Auraiya,"[26.47, 79.52]","[26.469998999999998, 79.519997]","[26.47, 79.52]"
Bhuj,"[23.25, 69.67]","[23.242001000000002, 69.666931]","[23.253969444444444, 69.66928055555556]"
Ranchi,"[23.36, 85.33]","[23.344101, 85.309563]","[23.34776944444444, 85.3385611111111]"
GANDEVI,"[None, None]","[None, None]","[20.81213888888889, 72.99811111111111]"
Sawai Madhopur,"[25.983, 76.367]","[25.983334, 76.36666899999999]","[25.983330555555554, 76.36666388888888]"
Sultanpur,"[None, None]","[None, None]","[26.25, 82.0]"
Shivpuri,"[25.43, 77.65]","[25.424120000000002, 77.65799000000001]","[25.423780555555556, 77.66223055555557]"
VIRPUR,"[None, None]","[22.205044, 71.07949099999999]","[23.1892, 73.47986944444445]"
Narsinghpur,"[22.948666666666668, 79.19666666666666]","[22.950001, 79.19999700000001]","[22.916663888888888, 79.16666666666667]"
BHACHAU,"[None, None]","[None, None]","[23.279999999999998, 70.35]"
Sirohi,"[24.885, 72.8625]","[24.882618, 72.85889399999999]","[24.884999999999998, 72.8625]"
Noida,"[28.57, 77.32]","[28.535517000000002, 77.391029]","[28.49615, 77.53601111111111]"
Rourkela,"[22.24917, 84.88278]","[22.268684, 84.901024]","[22.2565, 84.816]"
Rohtak,"[28.8909, 76.5796]","[28.895515, 76.606613]","[28.894469444444443, 76.58916944444444]"
Jhabua,"[22.77, 74.6]","[23.833717, 80.420609]","[22.767, 74.5]"
Keonjhar,"[21.63, 85.58]","[21.628933, 85.581688]","[None, None]"
Burhanpur,"[21.3, 76.23]","[21.307373000000002, 76.23041500000001]","[21.3, 76.23]"
Bageshwar,"[29.722, 79.664]","[None, None]","[29.85, 79.77]"
Bhind,"[26.5587, 78.7871]","[25.196226000000003, 79.603947]","[26.560000000000002, 78.78999999999999]"
Ambala,"[30.38, 76.78]","[30.37818, 76.776695]","[30.334769444444444, 76.84335]"
Hanumangarh,"[29.58, 74.32]","[29.5748, 74.332977]","[29.58, 74.32]"
Kandhamal,"[20.47, 84.23]","[None, None]","[None, None]"
Navi Mumbai,"[19.02, 73.02]","[None, None]","[19.2437, 73.1355388888889]"
Ariyalur,"[11.13722, 79.07778]","[11.141653999999999, 79.072189]","[None, None]"
North 24 Parganas,"[22.13, 88.5]","[None, None]","[22.13, 88.5]"
VALLABH VIDYANAGAR,"[None, None]","[22.556, 72.950996]","[22.533330555555555, 72.9]"
Koppal,"[15.35, 76.15]","[15.350708, 76.155434]","[15.345219444444446, 76.15478055555556]"
Uttar Dinajpur,"[25.62, 88.12]","[None, None]","[25.62, 88.11999999999999]"
Tiruvallur,"[13.15, 79.91]","[13.144442999999999, 79.894005]","[13.143761111111111, 79.9088888888889]"
Vyara,"[21.12, 73.4]","[21.120001000000002, 73.400002]","[21.12, 73.4]"
Mysore,"[12.273333333333333, 75.95]","[None, None]","[12.3, 76.65]"
Jabalpur,"[23.167, 79.933]","[23.168770000000002, 79.931847]","[23.17, 79.95]"
Varanasi,"[25.28, 82.96]","[None, None]","[25.316680555555557, 83.01041111111111]"
Mahasamund,"[21.106666666666666, 82.1]","[None, None]","[None, None]"
Lakhimpur,"[None, None]","[None, None]","[27.235169444444445, 94.10356944444443]"
Baramulla,"[34.198, 74.364]","[34.14290200000001, 74.57281499999999]","[34.055499999999995, 74.42133055555556]"
Sidhi,"[24.42, 81.88]","[None, None]","[24.42, 81.88]"
Bundi,"[25.44, 75.64]","[25.430513, 75.64990200000001]","[25.44, 75.64]"
Bulandshahr,"[28.4, 77.85]","[28.406962999999998, 77.849831]","[28.403919444444444, 77.85773055555555]"
Mehsana,"[23.6, 72.4]","[None, None]","[23.666663888888888, 72.49999722222222]"
Chitrakoot,"[None, None]","[None, None]","[None, None]"
Rewari,"[28.18, 76.62]","[28.183332, 76.61666899999999]","[28.18, 76.61999999999999]"
Suryapet,"[17.144333333333332, 79.62129999999999]","[17.143908, 79.62392399999999]","[17.72, 79.18]"
Navsari,"[20.95, 72.93]","[None, None]","[20.95, 72.93]"
Viluppuram,"[11.941, 79.493]","[11.94596, 79.497414]","[11.93975, 79.49243888888888]"
Yamuna Nagar,"[30.133, 77.288]","[30.172716, 77.299492]","[None, None]"
Chandrapur,"[19.95, 79.297]","[19.970323999999998, 79.30336]","[None, None]"
Kannur,"[11.8689, 75.3555]","[11.874477, 75.370369]","[11.8689, 75.35549999999999]"
Ghazipur,"[25.58, 83.57]","[25.584042, 83.57701899999999]","[25.58, 83.57]"
GODHRA,"[22.777266, 73.620253]","[22.773595999999998, 73.613884]","[22.775469444444443, 73.61488055555554]"
Mandi,"[None, None]","[None, None]","[31.711938888888888, 76.93273055555557]"
Tamenglong,"[24.9906639, 93.5009056]","[None, None]","[24.9667, 93.55]"
Tirur,"[10.9, 75.92]","[10.914627000000001, 75.92209600000001]","[10.918027777777777, 75.92502222222222]"
Kupwara,"[34.52583, 74.25528]","[34.083656000000005, 74.797371]","[34.03333333333333, 74.26666666666667]"
Jalaun,"[26.15, 79.35]","[None, None]","[26.15, 79.35]"
Theni,"[10.009, 77.47]","[None, None]","[10.015311111111112, 77.482]"
Darjeeling,"[27.05, 88.267]","[27.036007, 88.262672]","[27.029999999999998, 88.16000000000001]"
sri ganganagar,"[None, None]","[None, None]","[29.92, 73.88]"
Pudukkottai,"[10.38, 78.82]","[10.379663, 78.820847]","[10.381280555555556, 78.8214111111111]"
Rajpura,"[30.482666666666667, 76.59599999999999]","[30.483997000000002, 76.593948]","[30.479999999999997, 76.6]"
Virudhunagar,"[9.583, 77.95]","[9.587209000000001, 77.951431]","[9.94, 77.57]"
Motihari,"[26.65, 84.91667]","[26.65, 84.91666400000001]","[26.65, 84.92]"
Pondicherry,"[11.917, 79.817]","[11.857708666666667, 79.80603833333333]","[11.933811111111112, 79.82978888888888]"
Jhansi,"[25.44862, 78.56962]","[None, None]","[25.499997222222223, 78.49999722222222]"
Nagercoil,"[8.17, 77.43]","[8.17445, 77.432159]","[8.18, 77.43]"
Ri-Bhoi,"[25.9, 91.883]","[None, None]","[26.099999999999998, 91.86666388888888]"
Sirsa,"[29.532, 75.018]","[29.536535, 75.025505]","[29.529999999999998, 75.02]"
Fatehabad,"[None, None]","[29.511778, 75.45521500000001]","[29.52, 75.45]"
SAYAN,"[None, None]","[None, None]","[None, None]"
Baleswar,"[None, None]","[None, None]","[21.49266111111111, 86.93348055555556]"
Ichalkaranji,"[16.7, 74.47]","[16.709001999999998, 74.456078]","[16.7, 74.47]"
UDWADA,"[None, None]","[None, None]","[20.4875, 72.8707]"
Rajahmundry,"[16.98, 81.78]","[17.004393, 81.783325]","[16.979999999999997, 81.78]"
Kozhikode,"[11.25, 75.77]","[11.258753, 75.780411]","[11.248019444444443, 75.7804]"
Thiruvalla,"[None, None]","[9.383452, 76.57405899999999]","[9.3816, 76.57488888888888]"
Prakasam,"[None, None]","[None, None]","[15.783330555555557, 80.23333333333333]"
Badaun,"[28.05, 79.12]","[None, None]","[28.038111111111114, 79.12668055555555]"
Panaji,"[15.49889, 73.82778]","[15.496777, 73.827827]","[15.48, 73.83]"
Bharatpur,"[None, None]","[27.216981999999998, 77.489517]","[27.22, 77.48]"
Udhampur,"[None, None]","[32.916534, 75.132607]","[32.93, 75.13]"
Bijnor,"[29.37, 78.13]","[None, None]","[29.373, 78.13636111111111]"
Chikkaballapur,"[13.43, 77.72]","[13.435455000000001, 77.731476]","[None, None]"
Aizawl,"[23.72722, 92.71778]","[23.727106, 92.717636]","[23.71666388888889, 92.71666388888889]"
Gaya,"[None, None]","[None, None]","[24.796861111111113, 85.00385]"
Khurdha,"[20.166, 85.666]","[None, None]","[20.182680555555557, 85.61628888888889]"
Narayanpur,"[None, None]","[None, None]","[None, None]"
Mau,"[25.94167, 83.56111]","[25.949638, 83.558647]","[25.941669444444443, 83.5611111111111]"
Madhubani,"[None, None]","[None, None]","[26.353669444444446, 86.07168888888889]"
Kanpur Nagar,"[26.46, 80.33]","[26.449923000000002, 80.33187099999999]","[26.465230555555554, 80.34975]"
Kashipur,"[None, None]","[29.210421, 78.96183]","[29.22, 78.95]"
KAMREJ,"[None, None]","[21.26919, 72.95864900000001]","[None, None]"
Jyotiba Phule Nagar,"[28.9, 78.47]","[None, None]","[None, None]"
Bhandara,"[21.17, 79.65]","[21.17, 79.650002]","[21.17, 79.65]"
Mandla,"[22.6, 80.38]","[22.597921, 80.37138399999999]","[22.6, 80.38]"
Balaghat,"[21.8, 80.18100000000001]","[21.812876, 80.18383]","[21.799997222222224, 80.18333333333334]"
SURENDERNAGAR,"[None, None]","[22.728392, 71.637077]","[22.72706111111111, 71.64856111111112]"
Dakshin Dinajpur,"[25.22, 88.76]","[None, None]","[25.22, 88.76]"
Pilibhit,"[28.6497, 79.8724]","[28.627926000000002, 79.804176]","[28.549997222222224, 80.1]"
Hailakandi,"[24.68, 92.57]","[24.68469, 92.564339]","[24.68, 92.57]"
Pontashaib,"[None, None]","[None, None]","[30.45, 77.61999999999999]"
Chhatarpur,"[24.72, 79.53333333333333]","[24.555475666666666, 79.86099233333333]","[24.9177, 79.58871111111111]"
Faridkot,"[None, None]","[30.678186, 74.739555]","[None, None]"
Sagar,"[None, None]","[23.83403, 78.746567]","[23.83, 78.71000000000001]"
Reasi,"[33.08, 74.83]","[33.082806000000005, 74.83331299999999]","[None, None]"
Mainpuri,"[27.23, 79.02]","[None, None]","[27.228569444444442, 79.02881944444444]"
Bomdila,"[27.25, 92.4]","[None, None]","[27.25, 92.4]"
Alappuzha,"[9.506666666666666, 76.35333333333334]","[9.498066999999999, 76.338844]","[9.490038888888888, 76.32639999999999]"
Kendujhar,"[21.63, 85.58]","[None, None]","[None, None]"
Fazilka,"[30.403, 74.025]","[30.403647999999997, 74.027962]","[None, None]"
Chinnamiram,"[None, None]","[None, None]","[None, None]"
Thoothukudi,"[8.716666666666667, 78.21333333333334]","[8.764166, 78.13483400000001]","[8.721163888888888, 78.02216666666666]"
Haldwani,"[29.22, 79.52]","[29.219676999999997, 79.512459]","[29.22, 79.52]"
Nanded,"[19.15, 77.3]","[19.169815, 77.319717]","[19.15, 77.333]"
Visakhapatnam,"[17.704169, 83.29777933333334]","[17.688034666666667, 83.22267166666667]","[17.68008888888889, 83.20161111111112]"
Kadi,"[None, None]","[23.29785, 72.331001]","[23.300880555555555, 72.33218055555555]"
Jalandhar,"[31.2569, 75.4432]","[None, None]","[31.32556111111111, 75.57916944444445]"
Rajkot,"[22.3, 70.7822]","[22.308155, 70.800705]","[22.291611111111113, 70.79321944444445]"
Pollachi,"[10.66, 77.0075]","[10.657274000000001, 77.010666]","[10.67, 77.02]"
Ajmer,"[26.4499, 74.6399]","[None, None]","[26.452099999999998, 74.63866944444445]"
Goalpara,"[26.17, 90.62]","[None, None]","[26.17, 90.61999999999999]"
Khargone,"[21.82, 75.6187]","[21.833524999999998, 75.61498999999999]","[21.822919444444445, 75.61393888888888]"
Nadiad,"[22.693333333333335, 72.86333333333333]","[22.700001, 72.870003]","[22.7, 72.86999999999999]"
Nizamabad,"[None, None]","[None, None]","[18.672997222222225, 78.10183333333333]"
Narmada,"[21.989588133333335, 75.79125933333333]","[22.111214999999998, 76.08986166666666]","[22.08, 74.9]"
Dumka,"[24.27, 87.25]","[None, None]","[24.27, 87.25]"
Rupnagar,"[30.9676, 76.53206666666667]","[30.975254, 76.527328]","[30.97, 76.53]"
Shimla,"[31.27222, 77.14814666666666]","[31.104605000000003, 77.17342400000001]","[31.104419444444446, 77.16661944444445]"
Koriya,"[23.733, 81.817]","[37.5326, 127.024612]","[23.262061111111112, 82.56051111111111]"
Durgapur,"[23.55, 87.32]","[23.533440000000002, 87.32193]","[23.479999999999997, 87.32]"
Thanjavur,"[10.788886666666667, 79.14074000000001]","[10.786999, 79.137825]","[10.8, 79.15]"
Ganjam,"[19.34, 85.175]","[19.387387999999998, 85.05154399999999]","[19.499997222222223, 84.49999722222222]"
Karnataka,"[12.97, 77.5]","[None, None]","[14.620000000000001, 74.85]"
Dewas,"[22.96, 76.06]","[22.962267, 76.050797]","[22.96585, 76.05526111111111]"
Hoshangabad,"[22.75, 77.72]","[22.744108, 77.736969]","[22.75, 77.72]"
Boudh,"[20.84, 84.32]","[20.828445, 84.32713299999999]","[20.84, 84.32]"
DWARKA,"[None, None]","[28.59214, 77.04605099999999]","[22.229999999999997, 68.97]"
Itanagar,"[27.1, 93.62]","[None, None]","[27.1, 93.61999999999999]"
Bagpat,"[28.95, 77.22]","[29.146105, 77.39028900000001]","[28.94485, 77.21865]"
CHIKHLI (GUJ.),"[None, None]","[None, None]","[20.75, 73.07]"
Hisar,"[None, None]","[29.151861, 75.721123]","[29.153938888888888, 75.72293888888889]"
Begusarai,"[25.42, 86.13]","[None, None]","[25.418530555555556, 86.13388888888889]"
Kakinada,"[16.954073333333334, 82.24333333333333]","[None, None]","[16.93, 82.22]"
Baksa,"[None, None]","[None, None]","[26.399997222222222, 90.26866666666666]"
Kolar,"[13.132200000000001, 78.1322]","[None, None]","[13.13, 78.13]"
Osmanabad,"[18.31944, 76.07361]","[18.186066, 76.041939]","[18.181580555555556, 76.03888888888889]"
Jalna,"[None, None]","[19.846811, 75.89063300000001]","[19.83, 75.88]"
Bhubaneswar,"[20.27, 85.84]","[20.296059000000003, 85.824539]","[20.27241111111111, 85.83385]"
Mirzapur,"[25.147333333333332, 82.57266666666666]","[25.133699, 82.56443]","[25.15, 82.58333055555555]"
Agra,"[27.18, 78.02]","[27.17667, 78.008072]","[27.083333333333332, 77.96666388888889]"
Shimoga,"[13.933, 75.567]","[13.929929999999999, 75.5681]","[13.931569444444444, 75.5679111111111]"
Maharajganj,"[None, None]","[27.140041, 83.550888]","[None, None]"
Jamtara,"[23.958866666666665, 86.80093333333333]","[None, None]","[23.95, 86.8]"
Hubli,"[15.36167, 75.085]","[None, None]","[15.347761111111112, 75.13378055555556]"
Erode,"[11.34083, 77.71722]","[11.342423, 77.728165]","[11.3428, 77.72741111111111]"
Solapur,"[17.68, 75.92]","[17.7277645, 75.4802475]","[17.68, 75.92]"
Poonch,"[None, None]","[33.766987, 74.092468]","[33.769999999999996, 74.1]"
Khagaria,"[25.505553333333335, 86.47611333333333]","[25.506659, 86.472527]","[25.5022, 86.46708055555555]"
Jaipur,"[26.9, 75.8]","[26.92207, 75.778885]","[26.92, 75.82]"
Baramati,"[18.15, 74.58]","[18.150662999999998, 74.576782]","[18.15, 74.58]"
Gadchiroli,"[20.1, 80.2]","[20.184872, 79.994797]","[20.1, 80.0]"
Baddi,"[30.928, 76.796]","[None, None]","[30.957830555555553, 76.79136111111112]"
Siddipet,"[18.1, 78.85]","[18.101904, 78.85207399999999]","[18.10483055555556, 78.84858055555556]"
Sirmaur,"[None, None]","[None, None]","[24.836480555555553, 81.36448055555555]"
Hooghly,"[None, None]","[22.9, 88.389999]","[21.916663888888888, 88.08333333333333]"
Ratnagiri,"[16.989626666666666, 73.3]","[17.601742, 73.488594]","[16.979999999999997, 73.3]"
Nagaur,"[27.2, 73.73]","[27.207006, 73.742294]","[27.1, 73.55]"
Lalitpur,"[None, None]","[24.68786, 78.412018]","[24.68, 78.42]"
Mewat,"[None, None]","[None, None]","[None, None]"
Sonepur,"[None, None]","[20.848015, 83.895004]","[20.83, 83.92]"
SILVASA,"[None, None]","[20.276266, 73.008308]","[20.27, 73.02]"
Pithoragarh,"[29.58, 80.22]","[29.582861, 80.218185]","[29.58, 80.22]"
Perambalur,"[11.23, 78.88]","[11.23, 78.87999699999999]","[11.23, 78.88]"
Gondia,"[21.4598, 80.195]","[21.459801, 80.19500000000001]","[21.066666666666666, 80.36666388888888]"
Bikaner,"[28.01667, 73.31194]","[28.027138, 73.302155]","[28.017619444444442, 73.31495]"
Pulwama,"[33.54666666666667, 74.92]","[33.871841, 74.899376]","[32.88, 74.92]"
Thrissur,"[10.52, 76.21]","[10.530345, 76.214729]","[10.520000000000001, 76.21000000000001]"
Shahdol,"[23.28, 81.35]","[None, None]","[23.293561111111114, 81.36189999999999]"
Delhi,"[28.61, 77.23]","[28.6448, 77.216721]","[28.635761111111112, 77.22445]"
Dehradun,"[30.318, 78.029]","[30.321915, 78.026619]","[None, None]"
Garhwa,"[24.18, 83.82]","[None, None]","[24.18, 83.82]"
Pakur,"[24.63, 87.85]","[None, None]","[None, None]"
Gumla,"[None, None]","[None, None]","[23.0, 84.5]"
Saran,"[None, None]","[47.94790999999999, 1.8807340000000001]","[25.916663888888888, 84.74999722222222]"
Sindhudurg,"[16.043769, 73.461416]","[None, None]","[16.0421, 73.45920000000001]"
Palwal,"[28.135333333333335, 77.32933333333332]","[None, None]","[28.14468888888889, 77.32546111111111]"
Bahraich,"[27.575, 81.594]","[27.570839, 81.598022]","[27.58, 81.6]"
Tarn Taran,"[None, None]","[None, None]","[31.45, 74.92530000000001]"
Tandur,"[17.23, 77.58]","[None, None]","[17.229999999999997, 77.58]"
Kurnool,"[15.8311, 78.05]","[15.834536, 78.029366]","[15.8333, 78.05]"
Satara,"[None, None]","[17.691401, 74.000938]","[17.68, 73.98]"
Gandhi Nagar,"[None, None]","[23.237560000000002, 72.64778100000001]","[23.29908055555556, 72.33361944444444]"
Tadipatri,"[14.92, 78.02]","[None, None]","[14.92, 78.02]"
Panchmahal,"[22.75, 73.6]","[None, None]","[22.606, 73.46300000000001]"
Bareilly,"[28.298333333333336, 79.071]","[None, None]","[28.34701944444444, 79.42193055555556]"
Sitapur,"[27.57, 80.66]","[27.57509, 80.66376500000001]","[27.57, 80.68]"
