dataset;data_variant;param_learning_rate;param_n_estimators;param_max_depth;param_max_features;mean_train_score;mean_test_score
2;_scaled;0.01;20;3;;0.823665016321238;0.8116463938945725
2;_scaled;0.01;50;3;;0.8353588905019146;0.8217539979797144
2;_scaled;0.01;100;3;;0.8453598998316709;0.8288956430316485
2;_scaled;0.01;200;3;;0.8543481893921472;0.8327128997675328
2;_scaled;0.01;500;3;;0.8729405864569517;0.8423208701666605
2;_scaled;0.01;20;3;0.5;0.8357727991707155;0.8243441518776639
2;_scaled;0.01;50;3;0.5;0.8408389157632021;0.826896149640724
2;_scaled;0.01;100;3;0.5;0.8465430660916035;0.8289744599849778
2;_scaled;0.01;200;3;0.5;0.8562640777939585;0.834030083119204
2;_scaled;0.01;500;3;0.5;0.8746499609221282;0.8439578866585703
2;_scaled;0.01;20;3;0.75;0.8338608451446752;0.8210696452210057
2;_scaled;0.01;50;3;0.75;0.839238780713172;0.8243069053168505
2;_scaled;0.01;100;3;0.75;0.8473711085990854;0.8299167226726988
2;_scaled;0.01;200;3;0.75;0.855649342482047;0.8333647380946937
2;_scaled;0.01;500;3;0.75;0.87469322671162;0.8431217150653973
2;_scaled;0.01;20;3;0.9;0.831878484142219;0.8182973076789003
2;_scaled;0.01;50;3;0.9;0.8376055556428417;0.822238400109819
2;_scaled;0.01;100;3;0.9;0.8460748912035666;0.8288850727412266
2;_scaled;0.01;200;3;0.9;0.855283063730179;0.8332550158963665
2;_scaled;0.01;500;3;0.9;0.8741794938422939;0.8430046786671888
2;_scaled;0.01;20;5;;0.8544142225527487;0.8223540684946563
2;_scaled;0.01;50;5;;0.8688319433896763;0.8325646932958499
2;_scaled;0.01;100;5;;0.8806835674057664;0.8375787475871602
2;_scaled;0.01;200;5;;0.8952928990730737;0.8406898049835014
2;_scaled;0.01;500;5;;0.9200225292445425;0.846158805499797
2;_scaled;0.01;20;5;0.5;0.8743630378893867;0.8350489885290913
2;_scaled;0.01;50;5;0.5;0.8820484334086505;0.8362415805108717
2;_scaled;0.01;100;5;0.5;0.8916535851851389;0.839339801000644
2;_scaled;0.01;200;5;0.5;0.9045475843823505;0.8432295734480126
2;_scaled;0.01;500;5;0.5;0.9293514999848126;0.8488228807008587
2;_scaled;0.01;20;5;0.75;0.8702590331223525;0.8338216921744928
2;_scaled;0.01;50;5;0.75;0.8784169376068833;0.8363752392097599
2;_scaled;0.01;100;5;0.75;0.8887271172313116;0.8397506753849756
2;_scaled;0.01;200;5;0.75;0.9009426399869582;0.8426542934016311
2;_scaled;0.01;500;5;0.75;0.9265560155024835;0.8473892328822791
2;_scaled;0.01;20;5;0.9;0.8657219927997952;0.8325690183520126
2;_scaled;0.01;50;5;0.9;0.8747046349665469;0.8359337111736189
2;_scaled;0.01;100;5;0.9;0.885020435068837;0.8389888615393983
2;_scaled;0.01;200;5;0.9;0.8994595571546437;0.8417528424202051
2;_scaled;0.01;500;5;0.9;0.9237351448968121;0.8464801316880397
2;_scaled;0.01;20;7;;0.8855670016497379;0.8196640722428556
2;_scaled;0.01;50;7;;0.9029958113930459;0.8310343704739348
2;_scaled;0.01;100;7;;0.9216634842144525;0.8368952958841502
2;_scaled;0.01;200;7;;0.9423686841048997;0.8405060256448934
2;_scaled;0.01;500;7;;0.9645360554083975;0.8452684061985215
2;_scaled;0.01;20;7;0.5;0.9208912712177499;0.8357061040838184
2;_scaled;0.01;50;7;0.5;0.9337146397326698;0.8388819436612527
2;_scaled;0.01;100;7;0.5;0.9471612499960178;0.8408482607074598
2;_scaled;0.01;200;7;0.5;0.960373395213159;0.8435899698819431
2;_scaled;0.01;500;7;0.5;0.9775665974954353;0.8463843009879358
2;_scaled;0.01;20;7;0.75;0.9117696978905239;0.8350360688408472
2;_scaled;0.01;50;7;0.75;0.9259375853292305;0.83777568729893
2;_scaled;0.01;100;7;0.75;0.9403488276001807;0.8404772453433588
2;_scaled;0.01;200;7;0.75;0.9541450299123457;0.842232421766749
2;_scaled;0.01;500;7;0.75;0.9741875455455813;0.8455406665288677
2;_scaled;0.01;20;7;0.9;0.9030928602643185;0.8315413307981043
2;_scaled;0.01;50;7;0.9;0.9184073286994269;0.8345128358357253
2;_scaled;0.01;100;7;0.9;0.9339624671887736;0.8384948439362854
2;_scaled;0.01;200;7;0.9;0.9487859775627301;0.8402163230145128
2;_scaled;0.01;500;7;0.9;0.9700208539889491;0.8449195429345472
2;_scaled;0.05;20;3;;0.8449739309691208;0.8276797197992815
2;_scaled;0.05;50;3;;0.860178075455501;0.8354507784938875
2;_scaled;0.05;100;3;;0.8749146622137591;0.8423720265023379
2;_scaled;0.05;200;3;;0.8912112016619556;0.8468029310092842
2;_scaled;0.05;500;3;;0.9186396020836181;0.8478009468283911
2;_scaled;0.05;20;3;0.5;0.845557255192581;0.828502764781402
2;_scaled;0.05;50;3;0.5;0.8584581508445486;0.8357163478883558
2;_scaled;0.05;100;3;0.5;0.873130522722544;0.8429633047004794
2;_scaled;0.05;200;3;0.5;0.8896839223540455;0.8475501336080353
2;_scaled;0.05;500;3;0.5;0.9166668775609416;0.8491072604078496
2;_scaled;0.05;20;3;0.75;0.8465753499891406;0.8295953778679782
2;_scaled;0.05;50;3;0.75;0.8605572133091196;0.8358344679067432
2;_scaled;0.05;100;3;0.75;0.8746589808978296;0.8435910980524077
2;_scaled;0.05;200;3;0.75;0.8914870629809626;0.8468845409388285
2;_scaled;0.05;500;3;0.75;0.9184562171088118;0.8481030952557661
2;_scaled;0.05;20;3;0.9;0.8459871824108306;0.8286216132456256
2;_scaled;0.05;50;3;0.9;0.8607141240001552;0.8358408501790531
2;_scaled;0.05;100;3;0.9;0.8753483258063509;0.8429124344308129
2;_scaled;0.05;200;3;0.9;0.8916832087934263;0.8469072754175856
2;_scaled;0.05;500;3;0.9;0.9182082279984343;0.8475961981252158
2;_scaled;0.05;20;5;;0.882767389472584;0.8369133595293748
2;_scaled;0.05;50;5;;0.9032656570808041;0.8415912659483737
2;_scaled;0.05;100;5;;0.9203054148441916;0.8449656817112355
2;_scaled;0.05;200;5;;0.9437882324373829;0.845225179043412
2;_scaled;0.05;500;5;;0.9800719829057465;0.837066119746043
2;_scaled;0.05;20;5;0.5;0.8866041477749464;0.8384671446928121
2;_scaled;0.05;50;5;0.5;0.9085256986532794;0.844122845019862
2;_scaled;0.05;100;5;0.5;0.9256010389470815;0.8469983763858536
2;_scaled;0.05;200;5;0.5;0.9455618235328455;0.8466033803082943
2;_scaled;0.05;500;5;0.5;0.9827108212133899;0.8377316939906757
2;_scaled;0.05;20;5;0.75;0.8867008108151023;0.8394857857612472
2;_scaled;0.05;50;5;0.75;0.9069140375436695;0.8431558722146903
2;_scaled;0.05;100;5;0.75;0.9270156629541326;0.8466851030324025
2;_scaled;0.05;200;5;0.75;0.9491238318661337;0.8457070697741079
2;_scaled;0.05;500;5;0.75;0.9813197841743342;0.8380511132867159
2;_scaled;0.05;20;5;0.9;0.8850101162120467;0.8386009422238103
2;_scaled;0.05;50;5;0.9;0.9062044859882685;0.8420598854106183
2;_scaled;0.05;100;5;0.9;0.9242814029885504;0.8459132423901137
2;_scaled;0.05;200;5;0.9;0.9462026179270961;0.846287963582735
2;_scaled;0.05;500;5;0.9;0.9818581089846613;0.838581908963036
2;_scaled;0.05;20;7;;0.9283132701833641;0.8349590383719928
2;_scaled;0.05;50;7;;0.9517590494247367;0.8386309882091935
2;_scaled;0.05;100;7;;0.9689762579044764;0.8411425775605404
2;_scaled;0.05;200;7;;0.9862654205899631;0.8389226568131944
2;_scaled;0.05;500;7;;0.9992703389850669;0.8214124279617601
2;_scaled;0.05;20;7;0.5;0.9384605957925982;0.8382087632607302
2;_scaled;0.05;50;7;0.5;0.9605622923798991;0.8413404543907037
2;_scaled;0.05;100;7;0.5;0.9749177488573216;0.8428354648128827
2;_scaled;0.05;200;7;0.5;0.9894963210209984;0.8385654153133181
2;_scaled;0.05;500;7;0.5;0.9997778383563742;0.8217639535286969
2;_scaled;0.05;20;7;0.75;0.9360365526814234;0.8375282946037008
2;_scaled;0.05;50;7;0.75;0.9584833288670678;0.8381781317341443
2;_scaled;0.05;100;7;0.75;0.9734024130958105;0.8404394710966249
2;_scaled;0.05;200;7;0.75;0.9879029998456262;0.8376898774937933
2;_scaled;0.05;500;7;0.75;0.9995081320796897;0.8220884946617497
2;_scaled;0.05;20;7;0.9;0.9358242878475331;0.8384694417878263
2;_scaled;0.05;50;7;0.9;0.9572788598581712;0.841242029237343
2;_scaled;0.05;100;7;0.9;0.9717007459626181;0.8437965289541142
2;_scaled;0.05;200;7;0.9;0.9877049886565286;0.8405639565099242
2;_scaled;0.05;500;7;0.9;0.9994910520968725;0.8240702739949736
2;_scaled;0.1;20;3;;0.8545662632379649;0.8332184051015298
2;_scaled;0.1;50;3;;0.8737960977846901;0.8424540183376642
2;_scaled;0.1;100;3;;0.8907367895514663;0.8462946746822256
2;_scaled;0.1;200;3;;0.9114031260806194;0.8477553238191943
2;_scaled;0.1;500;3;;0.9470455235209947;0.8425553831594513
2;_scaled;0.1;20;3;0.5;0.8542568072507866;0.8333429367309755
2;_scaled;0.1;50;3;0.5;0.8719318410576383;0.8426806246500138
2;_scaled;0.1;100;3;0.5;0.8886542770401209;0.8474109525052658
2;_scaled;0.1;200;3;0.5;0.909537200525545;0.8481103306201805
2;_scaled;0.1;500;3;0.5;0.944285753535336;0.8424316693707881
2;_scaled;0.1;20;3;0.75;0.8557807690634576;0.8336502928293141
2;_scaled;0.1;50;3;0.75;0.8745892884753967;0.8423604660166804
2;_scaled;0.1;100;3;0.75;0.8914121034969487;0.8467004219075353
2;_scaled;0.1;200;3;0.75;0.9097173761454705;0.8477619714472506
2;_scaled;0.1;500;3;0.75;0.9447693677236153;0.842800769820186
2;_scaled;0.1;20;3;0.9;0.855690856062169;0.833159775446939
2;_scaled;0.1;50;3;0.9;0.8746030178120671;0.8430497417620902
2;_scaled;0.1;100;3;0.9;0.8904514471965284;0.847224933743183
2;_scaled;0.1;200;3;0.9;0.9114762440933596;0.8481796511611435
2;_scaled;0.1;500;3;0.9;0.947522864261954;0.843343758459359
2;_scaled;0.1;20;5;;0.8973880488650031;0.8411790211796463
2;_scaled;0.1;50;5;;0.9216767100128784;0.8451813133552314
2;_scaled;0.1;100;5;;0.9438309726861364;0.8444897793078752
2;_scaled;0.1;200;5;;0.9716884281941754;0.8379341817460183
2;_scaled;0.1;500;5;;0.9969328105444624;0.8232446284870886
2;_scaled;0.1;20;5;0.5;0.8961954707423497;0.8414619772656579
2;_scaled;0.1;50;5;0.5;0.9198070540957459;0.8458001371137676
2;_scaled;0.1;100;5;0.5;0.9433572940189477;0.8449064266896391
2;_scaled;0.1;200;5;0.5;0.9722965023104588;0.839760940834131
2;_scaled;0.1;500;5;0.5;0.9968907679088858;0.8237470463740338
2;_scaled;0.1;20;5;0.75;0.8979883479411941;0.8397133115628096
2;_scaled;0.1;50;5;0.75;0.9225124992477947;0.842994591213336
2;_scaled;0.1;100;5;0.75;0.9462767777719768;0.8418708781280936
2;_scaled;0.1;200;5;0.75;0.9732739486089055;0.8359409344612304
2;_scaled;0.1;500;5;0.75;0.9971992182273751;0.8210650107205564
2;_scaled;0.1;20;5;0.9;0.8987075055275531;0.8405917637094024
2;_scaled;0.1;50;5;0.9;0.9223379560521272;0.8454287810158196
2;_scaled;0.1;100;5;0.9;0.9470270429869962;0.8446424920330406
2;_scaled;0.1;200;5;0.9;0.9725238378324245;0.838746989174495
2;_scaled;0.1;500;5;0.9;0.9977033534489711;0.828545813056045
2;_scaled;0.1;20;7;;0.951196479399018;0.8373930821222569
2;_scaled;0.1;50;7;;0.9712279289811084;0.8403319714889471
2;_scaled;0.1;100;7;;0.9873237653043734;0.8361670654080926
2;_scaled;0.1;200;7;;0.9989723099977983;0.8286356797518167
2;_scaled;0.1;500;7;;0.9999998372002191;0.8053377246547595
2;_scaled;0.1;20;7;0.5;0.9497064062136882;0.8353678734591621
2;_scaled;0.1;50;7;0.5;0.9711421397671802;0.8364790674827641
2;_scaled;0.1;100;7;0.5;0.9885951038949354;0.8318586479319902
2;_scaled;0.1;200;7;0.5;0.9988620671366494;0.8219789970878548
2;_scaled;0.1;500;7;0.5;0.999989514237609;0.8003892742673319
2;_scaled;0.1;20;7;0.75;0.9525719053747835;0.8356852721382397
2;_scaled;0.1;50;7;0.75;0.9728732154638622;0.8385330598026411
2;_scaled;0.1;100;7;0.75;0.9898900013586345;0.8351397071136533
2;_scaled;0.1;200;7;0.75;0.998706284183759;0.8256364633128892
2;_scaled;0.1;500;7;0.75;0.9996410199270562;0.8091532774462663
2;_scaled;0.1;20;7;0.9;0.950733881421062;0.8361425744749724
2;_scaled;0.1;50;7;0.9;0.9712711621029917;0.8388406509717868
2;_scaled;0.1;100;7;0.9;0.9881854274807793;0.8327352551490744
2;_scaled;0.1;200;7;0.9;0.999125505230312;0.8253852473837987
2;_scaled;0.1;500;7;0.9;0.9999998444394381;0.8012230132577046
3;_pca;0.01;20;3;;0.7989379187599472;0.7766392344021976
3;_pca;0.01;50;3;;0.8092890148312909;0.7837408857895525
3;_pca;0.01;100;3;;0.8197454555352647;0.7884654543208063
3;_pca;0.01;200;3;;0.8342809694253528;0.7936553613828414
3;_pca;0.01;500;3;;0.8595989578034918;0.8022866715321415
3;_pca;0.01;20;3;0.5;0.8146505699559501;0.7863633367265686
3;_pca;0.01;50;3;0.5;0.82184489961683;0.7891769664676809
3;_pca;0.01;100;3;0.5;0.8283085112446287;0.7912107527775217
3;_pca;0.01;200;3;0.5;0.8426484214957934;0.795658121572451
3;_pca;0.01;500;3;0.5;0.8707995448549548;0.8054731206721651
3;_pca;0.01;20;3;0.75;0.8109879226679595;0.7841212492001947
3;_pca;0.01;50;3;0.75;0.8181343650263668;0.7875877904004183
3;_pca;0.01;100;3;0.75;0.8255985833528383;0.7901244031115271
3;_pca;0.01;200;3;0.75;0.8384173902354074;0.7943526246349029
3;_pca;0.01;500;3;0.75;0.8653534585423415;0.8030664024116445
3;_pca;0.01;20;3;0.9;0.8057199842547409;0.7801669434289498
3;_pca;0.01;50;3;0.9;0.8138610798836635;0.7846191552853258
3;_pca;0.01;100;3;0.9;0.8230721086503667;0.7896043148380688
3;_pca;0.01;200;3;0.9;0.8376293371036652;0.7937800976423968
3;_pca;0.01;500;3;0.9;0.8635928750591789;0.8024666081972395
3;_pca;0.01;20;5;;0.8285894761113423;0.7825150236245557
3;_pca;0.01;50;5;;0.85080953023805;0.793660073872655
3;_pca;0.01;100;5;;0.8668137942032577;0.7989937304703296
3;_pca;0.01;200;5;;0.8863421202001762;0.8031034205065701
3;_pca;0.01;500;5;;0.9158963536099801;0.8109681028254174
3;_pca;0.01;20;5;0.5;0.8629423184729957;0.7967369978838962
3;_pca;0.01;50;5;0.5;0.8791714711027657;0.7980847704427987
3;_pca;0.01;100;5;0.5;0.8931012238360702;0.8022114758693978
3;_pca;0.01;200;5;0.5;0.9143027677206846;0.8062831448031187
3;_pca;0.01;500;5;0.5;0.9415279673444751;0.8137207986433842
3;_pca;0.01;20;5;0.75;0.8518507521152765;0.7912394700146356
3;_pca;0.01;50;5;0.75;0.8686518668713679;0.7955653062980028
3;_pca;0.01;100;5;0.75;0.8853020443740528;0.8001964775603152
3;_pca;0.01;200;5;0.75;0.9036494464671339;0.8044572195279546
3;_pca;0.01;500;5;0.75;0.9327298635100411;0.8117885235726567
3;_pca;0.01;20;5;0.9;0.8423701523776957;0.7892229757406044
3;_pca;0.01;50;5;0.9;0.8582474040531448;0.7959457174242717
3;_pca;0.01;100;5;0.9;0.8749039873393335;0.8001583442630288
3;_pca;0.01;200;5;0.9;0.8938520314886098;0.80418444126796
3;_pca;0.01;500;5;0.9;0.9234183784057496;0.8122250443700871
3;_pca;0.01;20;7;;0.865922794150369;0.7894565947610662
3;_pca;0.01;50;7;;0.8970261706688738;0.7998516759496589
3;_pca;0.01;100;7;;0.9202290454235471;0.8044134073443087
3;_pca;0.01;200;7;;0.9452142975398306;0.8066814224157813
3;_pca;0.01;500;7;;0.9711774955183061;0.8125024867336975
3;_pca;0.01;20;7;0.5;0.9129538608740603;0.7981759772969624
3;_pca;0.01;50;7;0.5;0.9358056419780625;0.8019674916746187
3;_pca;0.01;100;7;0.5;0.9548238958630988;0.8069644593350509
3;_pca;0.01;200;7;0.5;0.9745511537390348;0.8113888001068114
3;_pca;0.01;500;7;0.5;0.98840465667032;0.8154604370076867
3;_pca;0.01;20;7;0.75;0.9001587020641121;0.7958198110249977
3;_pca;0.01;50;7;0.75;0.926446603600481;0.8007772862116295
3;_pca;0.01;100;7;0.75;0.9449238268408301;0.8053966390070036
3;_pca;0.01;200;7;0.75;0.9674712660318225;0.8100362542581093
3;_pca;0.01;500;7;0.75;0.9839752361521277;0.8143131316603333
3;_pca;0.01;20;7;0.9;0.8851761220705812;0.7943652076974831
3;_pca;0.01;50;7;0.9;0.9137410342179785;0.79960460311065
3;_pca;0.01;100;7;0.9;0.9347417560006797;0.804268924067996
3;_pca;0.01;200;7;0.9;0.9586788484081881;0.8075512774105029
3;_pca;0.01;500;7;0.9;0.9775316115657208;0.813370910482143
3;_pca;0.05;20;3;;0.8220690454242493;0.7894733254497545
3;_pca;0.05;50;3;;0.842734893750649;0.7950410969384892
3;_pca;0.05;100;3;;0.8629521272870897;0.8016982532545124
3;_pca;0.05;200;3;;0.88466817076901;0.8074594411580392
3;_pca;0.05;500;3;;0.9222243740889597;0.8104944188323642
3;_pca;0.05;20;3;0.5;0.8231666582088815;0.7910085572353452
3;_pca;0.05;50;3;0.5;0.8430542533315092;0.7991796123288344
3;_pca;0.05;100;3;0.5;0.8644920022313923;0.8050834593228285
3;_pca;0.05;200;3;0.5;0.8876787193937814;0.8107841652476363
3;_pca;0.05;500;3;0.5;0.9248136158134315;0.8140280536104472
3;_pca;0.05;20;3;0.75;0.8231823028519574;0.7896574505502403
3;_pca;0.05;50;3;0.75;0.8447429694437278;0.7953723078829581
3;_pca;0.05;100;3;0.75;0.8662635524420699;0.8025816984625831
3;_pca;0.05;200;3;0.75;0.8880972236055726;0.809203322171092
3;_pca;0.05;500;3;0.75;0.9260000701232874;0.8127606175043364
3;_pca;0.05;20;3;0.9;0.8207519542196359;0.7888693287507149
3;_pca;0.05;50;3;0.9;0.8438362733010203;0.7947941507896076
3;_pca;0.05;100;3;0.9;0.8639703143091498;0.8019793745404636
3;_pca;0.05;200;3;0.9;0.8872413411829775;0.8077409870246074
3;_pca;0.05;500;3;0.9;0.9255915219674468;0.8106463415330133
3;_pca;0.05;20;5;;0.8704982829904979;0.7991615306978029
3;_pca;0.05;50;5;;0.9041238516596422;0.8038519849008261
3;_pca;0.05;100;5;;0.9222245458788312;0.8081366935065531
3;_pca;0.05;200;5;;0.9430099417526236;0.8089307637659098
3;_pca;0.05;500;5;;0.9837495127214414;0.8072419619760064
3;_pca;0.05;20;5;0.5;0.8767952679507268;0.8003953267885067
3;_pca;0.05;50;5;0.5;0.9111630637607537;0.8065925407933658
3;_pca;0.05;100;5;0.5;0.9340520204232617;0.8108148873817935
3;_pca;0.05;200;5;0.5;0.9554241088363141;0.8133314569359844
3;_pca;0.05;500;5;0.5;0.9885751836905049;0.8107590065944882
3;_pca;0.05;20;5;0.75;0.874059412293587;0.7994295136603436
3;_pca;0.05;50;5;0.75;0.907670929650862;0.8048868249899024
3;_pca;0.05;100;5;0.75;0.9302016343593285;0.8087973051321026
3;_pca;0.05;200;5;0.75;0.9508542670697426;0.8112497981839589
3;_pca;0.05;500;5;0.75;0.9864015958367869;0.8099105360086244
3;_pca;0.05;20;5;0.9;0.8726882865955514;0.7994743721007755
3;_pca;0.05;50;5;0.9;0.9091881261816442;0.8047867743072484
3;_pca;0.05;100;5;0.9;0.9268113318603974;0.8095692132319813
3;_pca;0.05;200;5;0.9;0.9496537838365802;0.8113623591474001
3;_pca;0.05;500;5;0.9;0.9858463057352589;0.8072193185282848
3;_pca;0.05;20;7;;0.9267605969847114;0.8058387291498447
3;_pca;0.05;50;7;;0.9591584959405377;0.8094912032892392
3;_pca;0.05;100;7;;0.9739463680135155;0.8109215230190099
3;_pca;0.05;200;7;;0.9882047398760918;0.81111633350491
3;_pca;0.05;500;7;;0.9996765952698632;0.8092284387703844
3;_pca;0.05;20;7;0.5;0.9399681997703718;0.804924219681473
3;_pca;0.05;50;7;0.5;0.9724353921428166;0.8087819011839373
3;_pca;0.05;100;7;0.5;0.9844556356184622;0.8115577368315754
3;_pca;0.05;200;7;0.5;0.9946894082472058;0.8111158003800424
3;_pca;0.05;500;7;0.5;0.9999996308030575;0.8058930092987666
3;_pca;0.05;20;7;0.75;0.9307984171356978;0.8025092116732964
3;_pca;0.05;50;7;0.75;0.9665370833926958;0.8079256581720125
3;_pca;0.05;100;7;0.75;0.9798028030531241;0.8113405388737062
3;_pca;0.05;200;7;0.75;0.9919339359838718;0.8119065092676234
3;_pca;0.05;500;7;0.75;0.9998364837849567;0.8066139257231302
3;_pca;0.05;20;7;0.9;0.9283773515746684;0.803985978155529
3;_pca;0.05;50;7;0.9;0.9624262345118534;0.8084611207456833
3;_pca;0.05;100;7;0.9;0.974710272735101;0.8114968906655892
3;_pca;0.05;200;7;0.9;0.9889812370887779;0.8106635057560249
3;_pca;0.05;500;7;0.9;0.9999589537097828;0.8083947604227552
3;_pca;0.1;20;3;;0.8317157495242271;0.7927409473462725
3;_pca;0.1;50;3;;0.8606911734191327;0.8015527599322462
3;_pca;0.1;100;3;;0.8831448725341573;0.8082590270540716
3;_pca;0.1;200;3;;0.9113664797345371;0.8105937265663602
3;_pca;0.1;500;3;;0.9625490803622123;0.8059279783829714
3;_pca;0.1;20;3;0.5;0.8324721127817781;0.7942457176174729
3;_pca;0.1;50;3;0.5;0.8591996514440656;0.8047302225474808
3;_pca;0.1;100;3;0.5;0.8824840693349936;0.8101889486796796
3;_pca;0.1;200;3;0.5;0.9102167073495404;0.8126365287366911
3;_pca;0.1;500;3;0.5;0.9584133374785564;0.8135031824958452
3;_pca;0.1;20;3;0.75;0.8325719526861761;0.7943047388901767
3;_pca;0.1;50;3;0.75;0.8592561073191383;0.8041081604380682
3;_pca;0.1;100;3;0.75;0.8832258149629019;0.8106213851430021
3;_pca;0.1;200;3;0.75;0.9127676264148407;0.8140470026832725
3;_pca;0.1;500;3;0.75;0.9605656200663156;0.8098091651474569
3;_pca;0.1;20;3;0.9;0.8318671497403534;0.7928647985381394
3;_pca;0.1;50;3;0.9;0.8600148421297529;0.8019412785831928
3;_pca;0.1;100;3;0.9;0.8848298444398437;0.8078627825907162
3;_pca;0.1;200;3;0.9;0.9135618453421515;0.8112921140569526
3;_pca;0.1;500;3;0.9;0.9637537750240499;0.807814267654105
3;_pca;0.1;20;5;;0.8921883771915804;0.800928932983526
3;_pca;0.1;50;5;;0.9221259959095358;0.8055518265101139
3;_pca;0.1;100;5;;0.9478528844423202;0.8061899931251697
3;_pca;0.1;200;5;;0.9807976408965476;0.8072494874144941
3;_pca;0.1;500;5;;0.9992458383765914;0.8069567245071285
3;_pca;0.1;20;5;0.5;0.890243436379764;0.803486064265285
3;_pca;0.1;50;5;0.5;0.9240544254577997;0.8092882218631023
3;_pca;0.1;100;5;0.5;0.9488026802886396;0.8105744517703286
3;_pca;0.1;200;5;0.5;0.9788630203152735;0.8085849531765084
3;_pca;0.1;500;5;0.5;0.9998009078553701;0.8047191461915462
3;_pca;0.1;20;5;0.75;0.8912464400804078;0.8010919212561783
3;_pca;0.1;50;5;0.75;0.9224926518809208;0.8047888346057616
3;_pca;0.1;100;5;0.75;0.9486925022123669;0.8071944478773233
3;_pca;0.1;200;5;0.75;0.9794592556669405;0.8076413672230894
3;_pca;0.1;500;5;0.75;0.9994119151275586;0.8025755509017274
3;_pca;0.1;20;5;0.9;0.894555604625308;0.799704919825407
3;_pca;0.1;50;5;0.9;0.9274740598283415;0.8061908135026195
3;_pca;0.1;100;5;0.9;0.9511307834722529;0.8076932514391757
3;_pca;0.1;200;5;0.9;0.9796510476265217;0.8066012332601215
3;_pca;0.1;500;5;0.9;0.9994994809221994;0.8034942179015598
3;_pca;0.1;20;7;;0.9545407102783261;0.7997113815305076
3;_pca;0.1;50;7;;0.9777958542686995;0.8006057979903142
3;_pca;0.1;100;7;;0.9909337404776294;0.8021790659687131
3;_pca;0.1;200;7;;0.9990386786713055;0.8053724781550317
3;_pca;0.1;500;7;;0.999999992760856;0.8005024669263027
3;_pca;0.1;20;7;0.5;0.9558204293490951;0.8006628073915156
3;_pca;0.1;50;7;0.5;0.9825794761349369;0.8027101433348806
3;_pca;0.1;100;7;0.5;0.9934170937347906;0.803700129958856
3;_pca;0.1;200;7;0.5;0.9998870681861085;0.8056976521188663
3;_pca;0.1;500;7;0.5;0.999999992760856;0.7917763124496819
3;_pca;0.1;20;7;0.75;0.9566436434793276;0.799657468365536
3;_pca;0.1;50;7;0.75;0.9772392053668376;0.803839860677338
3;_pca;0.1;100;7;0.75;0.9905785011958741;0.805760201890535
3;_pca;0.1;200;7;0.75;0.9995721693509416;0.8075816857487638
3;_pca;0.1;500;7;0.75;0.999999992760856;0.7943437018728835
3;_pca;0.1;20;7;0.9;0.9519351632248041;0.803005668996486
3;_pca;0.1;50;7;0.9;0.9772041818895674;0.8037548446320868
3;_pca;0.1;100;7;0.9;0.9929864426297408;0.8039842681673016
3;_pca;0.1;200;7;0.9;0.9997070303317495;0.8058750235947736
3;_pca;0.1;500;7;0.9;0.999999992760856;0.7959251511579779
2;_woe_scaled;0.01;20;3;;0.8240582283595772;0.8125938681494008
2;_woe_scaled;0.01;50;3;;0.8365881731030623;0.8227934592145474
2;_woe_scaled;0.01;100;3;;0.8459255967814419;0.8292277286918088
2;_woe_scaled;0.01;200;3;;0.854935728712281;0.8330466983938262
2;_woe_scaled;0.01;500;3;;0.8735112108937063;0.8425492119590848
2;_woe_scaled;0.01;20;3;0.5;0.8365695412376658;0.8244821902039617
2;_woe_scaled;0.01;50;3;0.5;0.8412925031995738;0.8268520002855623
2;_woe_scaled;0.01;100;3;0.5;0.8470057012566812;0.8289126132467783
2;_woe_scaled;0.01;200;3;0.5;0.856016809369793;0.8337974774120591
2;_woe_scaled;0.01;500;3;0.5;0.8749965355550284;0.8435856788813199
2;_woe_scaled;0.01;20;3;0.75;0.8337827900512232;0.8211730711606621
2;_woe_scaled;0.01;50;3;0.75;0.8392594000236129;0.8246672498621886
2;_woe_scaled;0.01;100;3;0.75;0.847648323758973;0.8303860789817324
2;_woe_scaled;0.01;200;3;0.75;0.8555837328884807;0.8337885810953217
2;_woe_scaled;0.01;500;3;0.75;0.8746557065842133;0.8436996776283839
2;_woe_scaled;0.01;20;3;0.9;0.8315077987713131;0.8180821493599296
2;_woe_scaled;0.01;50;3;0.9;0.8382977299706713;0.8235195539132933
2;_woe_scaled;0.01;100;3;0.9;0.8469560056715231;0.8292814326657124
2;_woe_scaled;0.01;200;3;0.9;0.8558839966293001;0.8334821017035114
2;_woe_scaled;0.01;500;3;0.9;0.8742394845452142;0.8429264213935944
2;_woe_scaled;0.01;20;5;;0.8550935248548579;0.8238215859724931
2;_woe_scaled;0.01;50;5;;0.869412459072902;0.8330907545838416
2;_woe_scaled;0.01;100;5;;0.8806805472637055;0.8382800726540939
2;_woe_scaled;0.01;200;5;;0.8956139607912144;0.8408801321398335
2;_woe_scaled;0.01;500;5;;0.9199952933115072;0.8458120511193647
2;_woe_scaled;0.01;20;5;0.5;0.8728180751896654;0.835373007894486
2;_woe_scaled;0.01;50;5;0.5;0.8818944900145804;0.8365662352822402
2;_woe_scaled;0.01;100;5;0.5;0.8911644710975684;0.8396236206682026
2;_woe_scaled;0.01;200;5;0.5;0.9051893261243944;0.8431858392713489
2;_woe_scaled;0.01;500;5;0.5;0.9287983278013028;0.848517533354501
2;_woe_scaled;0.01;20;5;0.75;0.8701708811423635;0.8351945761834141
2;_woe_scaled;0.01;50;5;0.75;0.8776541805910443;0.8367526244004762
2;_woe_scaled;0.01;100;5;0.75;0.8882773363316754;0.839750014768098
2;_woe_scaled;0.01;200;5;0.75;0.9013003767819563;0.842651082134652
2;_woe_scaled;0.01;500;5;0.75;0.9262357013541256;0.8480996604867616
2;_woe_scaled;0.01;20;5;0.9;0.8654617656874104;0.8321556904991415
2;_woe_scaled;0.01;50;5;0.9;0.8742859529033726;0.8354128416028225
2;_woe_scaled;0.01;100;5;0.9;0.8845756705744652;0.8384453383064013
2;_woe_scaled;0.01;200;5;0.9;0.8991821196896825;0.8421401287782629
2;_woe_scaled;0.01;500;5;0.9;0.9241319246072159;0.8470608571833381
2;_woe_scaled;0.01;20;7;;0.8865985903796696;0.8210339950148342
2;_woe_scaled;0.01;50;7;;0.9044212499782189;0.832196509781736
2;_woe_scaled;0.01;100;7;;0.9225504109294966;0.8379694384704491
2;_woe_scaled;0.01;200;7;;0.9429059120925393;0.8407583807185485
2;_woe_scaled;0.01;500;7;;0.9660925100035123;0.8446503355518417
2;_woe_scaled;0.01;20;7;0.5;0.9189531237830035;0.8366510726553563
2;_woe_scaled;0.01;50;7;0.5;0.9323239388305877;0.8388856474828167
2;_woe_scaled;0.01;100;7;0.5;0.9459634231643617;0.841358751802386
2;_woe_scaled;0.01;200;7;0.5;0.959825353723764;0.8444918927429912
2;_woe_scaled;0.01;500;7;0.5;0.977599387881217;0.8473082439158693
2;_woe_scaled;0.01;20;7;0.75;0.9111548613046024;0.8364415294369181
2;_woe_scaled;0.01;50;7;0.75;0.9245524880679646;0.8387739573422739
2;_woe_scaled;0.01;100;7;0.75;0.9393943619410934;0.841577922968043
2;_woe_scaled;0.01;200;7;0.75;0.9547365823368031;0.8431214649274889
2;_woe_scaled;0.01;500;7;0.75;0.9732395744702174;0.8465780772312881
2;_woe_scaled;0.01;20;7;0.9;0.902600636947525;0.8325388833974049
2;_woe_scaled;0.01;50;7;0.9;0.9168229019650562;0.8370351917730912
2;_woe_scaled;0.01;100;7;0.9;0.9327606362982978;0.8409208562539988
2;_woe_scaled;0.01;200;7;0.9;0.950495831660713;0.8424895476985074
2;_woe_scaled;0.01;500;7;0.9;0.9714265131625328;0.8462205247844644
2;_woe_scaled;0.05;20;3;;0.8457323245752538;0.8290888834155773
2;_woe_scaled;0.05;50;3;;0.8601521158950842;0.8353294506581377
2;_woe_scaled;0.05;100;3;;0.8751178290036251;0.8430207815318151
2;_woe_scaled;0.05;200;3;;0.8909867489173218;0.8468564283586013
2;_woe_scaled;0.05;500;3;;0.9184424110647254;0.847685245994797
2;_woe_scaled;0.05;20;3;0.5;0.8457330017107998;0.8283133155508678
2;_woe_scaled;0.05;50;3;0.5;0.8590920204320719;0.8356305543831981
2;_woe_scaled;0.05;100;3;0.5;0.8731468283305455;0.8425338323660835
2;_woe_scaled;0.05;200;3;0.5;0.8892474859019108;0.847031077721123
2;_woe_scaled;0.05;500;3;0.5;0.9170324218521014;0.8476291157226044
2;_woe_scaled;0.05;20;3;0.75;0.8464274434058607;0.8300133258432929
2;_woe_scaled;0.05;50;3;0.75;0.8600862445102205;0.8353439517937536
2;_woe_scaled;0.05;100;3;0.75;0.874657075642955;0.8433677030195347
2;_woe_scaled;0.05;200;3;0.75;0.8910536410597253;0.8473633754297011
2;_woe_scaled;0.05;500;3;0.75;0.9189716836889753;0.8480443648897544
2;_woe_scaled;0.05;20;3;0.9;0.8469365337688731;0.8294612278868322
2;_woe_scaled;0.05;50;3;0.9;0.8605959808321455;0.8360288238581727
2;_woe_scaled;0.05;100;3;0.9;0.8748981658189879;0.843728487465285
2;_woe_scaled;0.05;200;3;0.9;0.8907352490064427;0.847317793504735
2;_woe_scaled;0.05;500;3;0.9;0.917349486744904;0.8490240284367574
2;_woe_scaled;0.05;20;5;;0.8827962803441884;0.8387890596125974
2;_woe_scaled;0.05;50;5;;0.9041665952594637;0.8430551273651442
2;_woe_scaled;0.05;100;5;;0.9204078082162014;0.8463298471566333
2;_woe_scaled;0.05;200;5;;0.9437032252784638;0.8469853767154366
2;_woe_scaled;0.05;500;5;;0.9802269390946083;0.8409371799173593
2;_woe_scaled;0.05;20;5;0.5;0.8863902554673145;0.8386019601791282
2;_woe_scaled;0.05;50;5;0.5;0.9087536577549807;0.8442610659972354
2;_woe_scaled;0.05;100;5;0.5;0.9259945515517349;0.847245968457869
2;_woe_scaled;0.05;200;5;0.5;0.9467228109830714;0.8474461604218838
2;_woe_scaled;0.05;500;5;0.5;0.9819594304366753;0.8381866948954324
2;_woe_scaled;0.05;20;5;0.75;0.8862485552415036;0.8394503319787524
2;_woe_scaled;0.05;50;5;0.75;0.9077372004498584;0.8434960991675603
2;_woe_scaled;0.05;100;5;0.75;0.9264174554960198;0.8469881750932925
2;_woe_scaled;0.05;200;5;0.75;0.9471389680358338;0.8465195975216531
2;_woe_scaled;0.05;500;5;0.75;0.9818983947497456;0.838293246224882
2;_woe_scaled;0.05;20;5;0.9;0.8842964080784673;0.8386127232542221
2;_woe_scaled;0.05;50;5;0.9;0.9054984511031263;0.8428503857324812
2;_woe_scaled;0.05;100;5;0.9;0.9234241010867401;0.8461754194350837
2;_woe_scaled;0.05;200;5;0.9;0.9458538376136599;0.8463723039848247
2;_woe_scaled;0.05;500;5;0.9;0.9830330678865349;0.840083562020331
2;_woe_scaled;0.05;20;7;;0.9293518863586296;0.8352554132451743
2;_woe_scaled;0.05;50;7;;0.9530526950358486;0.8393373420783686
2;_woe_scaled;0.05;100;7;;0.9703380492407;0.8425120138092964
2;_woe_scaled;0.05;200;7;;0.9858993979249634;0.8388035349503427
2;_woe_scaled;0.05;500;7;;0.9992468753876763;0.8235100161976765
2;_woe_scaled;0.05;20;7;0.5;0.9377768512474968;0.8387491049847363
2;_woe_scaled;0.05;50;7;0.5;0.9597032335526013;0.8422292053186731
2;_woe_scaled;0.05;100;7;0.5;0.9745018836661243;0.8436801462979854
2;_woe_scaled;0.05;200;7;0.5;0.9887010476059516;0.8387052659739096
2;_woe_scaled;0.05;500;7;0.5;0.9994594527089607;0.8199649912410938
2;_woe_scaled;0.05;20;7;0.75;0.936848210720543;0.8388993236038265
2;_woe_scaled;0.05;50;7;0.75;0.9593794260261499;0.8405639096018136
2;_woe_scaled;0.05;100;7;0.75;0.9736927685785223;0.8429129183029506
2;_woe_scaled;0.05;200;7;0.75;0.9893597001269361;0.8390823945245947
2;_woe_scaled;0.05;500;7;0.75;0.9996570234750012;0.8227059477668356
2;_woe_scaled;0.05;20;7;0.9;0.9346983664826608;0.8393734956196867
2;_woe_scaled;0.05;50;7;0.9;0.9565257316222876;0.8427659972564411
2;_woe_scaled;0.05;100;7;0.9;0.9709438500376102;0.844836606778651
2;_woe_scaled;0.05;200;7;0.9;0.9865665294364212;0.8411524822426782
2;_woe_scaled;0.05;500;7;0.9;0.9996522394103422;0.8260860769765992
2;_woe_scaled;0.1;20;3;;0.8556654018384577;0.8333436370952045
2;_woe_scaled;0.1;50;3;;0.8742203651700526;0.842839127442205
2;_woe_scaled;0.1;100;3;;0.8911785892003152;0.8462933375477372
2;_woe_scaled;0.1;200;3;;0.9111193782841865;0.8475554222087047
2;_woe_scaled;0.1;500;3;;0.9480885124668632;0.8412074564212475
2;_woe_scaled;0.1;20;3;0.5;0.8546310140889073;0.8333944255058487
2;_woe_scaled;0.1;50;3;0.5;0.8725884924276089;0.8423223629273849
2;_woe_scaled;0.1;100;3;0.5;0.8890469444413015;0.8477116894003478
2;_woe_scaled;0.1;200;3;0.5;0.9088240248409628;0.8478251787649627
2;_woe_scaled;0.1;500;3;0.5;0.9429472126983415;0.8417910538417738
2;_woe_scaled;0.1;20;3;0.75;0.8560052291086594;0.8328171190767041
2;_woe_scaled;0.1;50;3;0.75;0.8746523620160719;0.8416785857508258
2;_woe_scaled;0.1;100;3;0.75;0.890259307068473;0.8460467468333789
2;_woe_scaled;0.1;200;3;0.75;0.9108244528840921;0.8471121971670436
2;_woe_scaled;0.1;500;3;0.75;0.9458193975888776;0.8419782477057889
2;_woe_scaled;0.1;20;3;0.9;0.8555422864347284;0.8337912239501579
2;_woe_scaled;0.1;50;3;0.9;0.8744870456864567;0.84262097308195
2;_woe_scaled;0.1;100;3;0.9;0.8908684739508936;0.8463976560350225
2;_woe_scaled;0.1;200;3;0.9;0.9105664519484784;0.8485394348424461
2;_woe_scaled;0.1;500;3;0.9;0.9458550547076623;0.8429732523166069
2;_woe_scaled;0.1;20;5;;0.8976390835017934;0.8412788872586319
2;_woe_scaled;0.1;50;5;;0.9201691258390069;0.846679378858809
2;_woe_scaled;0.1;100;5;;0.9453450664171799;0.8468449102541
2;_woe_scaled;0.1;200;5;;0.9741461019956694;0.8414380857653225
2;_woe_scaled;0.1;500;5;;0.9966136626826056;0.8278383746366624
2;_woe_scaled;0.1;20;5;0.5;0.897040117245249;0.8414969463545204
2;_woe_scaled;0.1;50;5;0.5;0.9217111425074369;0.8454273755216357
2;_woe_scaled;0.1;100;5;0.5;0.9447547416067119;0.8448155172797515
2;_woe_scaled;0.1;200;5;0.5;0.9725770179824287;0.8389156197230898
2;_woe_scaled;0.1;500;5;0.5;0.9966224892557973;0.823515472302696
2;_woe_scaled;0.1;20;5;0.75;0.8984920687945079;0.8409290753213613
2;_woe_scaled;0.1;50;5;0.75;0.9239122509026922;0.8455829358599193
2;_woe_scaled;0.1;100;5;0.75;0.9456559562970951;0.8449607033673454
2;_woe_scaled;0.1;200;5;0.75;0.9740172705578098;0.8390893910801088
2;_woe_scaled;0.1;500;5;0.75;0.9977132862233461;0.824998276480191
2;_woe_scaled;0.1;20;5;0.9;0.8981700193749285;0.8417261793037911
2;_woe_scaled;0.1;50;5;0.9;0.9210263502460473;0.8466623102048201
2;_woe_scaled;0.1;100;5;0.9;0.9428003628102058;0.8447673913915015
2;_woe_scaled;0.1;200;5;0.9;0.9728939819474186;0.8387898660159677
2;_woe_scaled;0.1;500;5;0.9;0.9971053731286675;0.8241043277850422
2;_woe_scaled;0.1;20;7;;0.9526569233178831;0.8371103610991827
2;_woe_scaled;0.1;50;7;;0.9725220510120733;0.8409195215363114
2;_woe_scaled;0.1;100;7;;0.9881898023731465;0.8352848862310035
2;_woe_scaled;0.1;200;7;;0.9985900226991635;0.8281112679306719
2;_woe_scaled;0.1;500;7;;0.9999998155235478;0.8072529539797566
2;_woe_scaled;0.1;20;7;0.5;0.9486539906111724;0.8367145801903698
2;_woe_scaled;0.1;50;7;0.5;0.9705119338775702;0.8377856706989815
2;_woe_scaled;0.1;100;7;0.5;0.9884025958075155;0.8333098767508283
2;_woe_scaled;0.1;200;7;0.5;0.998576846603926;0.8228401998782127
2;_woe_scaled;0.1;500;7;0.5;0.9996351246999102;0.8015000819423055
2;_woe_scaled;0.1;20;7;0.75;0.9519663275871987;0.8391012149138966
2;_woe_scaled;0.1;50;7;0.75;0.9724685585348295;0.841614876673609
2;_woe_scaled;0.1;100;7;0.75;0.9879001886594996;0.8363957880314675
2;_woe_scaled;0.1;200;7;0.75;0.9988295316229461;0.8274707430653433
2;_woe_scaled;0.1;500;7;0.75;0.9999998444394381;0.8061353832979803
2;_woe_scaled;0.1;20;7;0.9;0.9521919393411344;0.8382993675548027
2;_woe_scaled;0.1;50;7;0.9;0.9731563360738718;0.840630402874398
2;_woe_scaled;0.1;100;7;0.9;0.9892784604211318;0.8352667160729788
2;_woe_scaled;0.1;200;7;0.9;0.998114211000547;0.8282635875030946
2;_woe_scaled;0.1;500;7;0.9;0.9995013303021845;0.8044018849770844
2;_pca;0.01;20;3;;0.7852478762991221;0.7620648060312187
2;_pca;0.01;50;3;;0.8092234722424085;0.7816685994901037
2;_pca;0.01;100;3;;0.8198170611252793;0.7887295661484045
2;_pca;0.01;200;3;;0.8327981310992962;0.7963601459103111
2;_pca;0.01;500;3;;0.856675495235314;0.8075356866098595
2;_pca;0.01;20;3;0.5;0.8105450546006704;0.7808823988237024
2;_pca;0.01;50;3;0.5;0.8202196703083732;0.7869776597398644
2;_pca;0.01;100;3;0.5;0.82896853063292;0.7916828691013853
2;_pca;0.01;200;3;0.5;0.840605103793606;0.7984481521603993
2;_pca;0.01;500;3;0.5;0.8665871896695329;0.8091861090756398
2;_pca;0.01;20;3;0.75;0.8059365714785373;0.7766598843925849
2;_pca;0.01;50;3;0.75;0.8157969318422682;0.7825083094604651
2;_pca;0.01;100;3;0.75;0.8260304620587944;0.7908558850338592
2;_pca;0.01;200;3;0.75;0.8376502853179587;0.7972100921452984
2;_pca;0.01;500;3;0.75;0.8624881504554895;0.8083373101588743
2;_pca;0.01;20;3;0.9;0.800796879381763;0.7743117826108256
2;_pca;0.01;50;3;0.9;0.8141370712553424;0.7834289372597751
2;_pca;0.01;100;3;0.9;0.8234689408249609;0.7902328052432982
2;_pca;0.01;200;3;0.9;0.8353169116927855;0.7975794079094163
2;_pca;0.01;500;3;0.9;0.8601405490478502;0.8079790541160609
2;_pca;0.01;20;5;;0.8245527828309488;0.7830125353403165
2;_pca;0.01;50;5;;0.8422936586367997;0.7920414396471206
2;_pca;0.01;100;5;;0.8582731784160803;0.7989603056100752
2;_pca;0.01;200;5;;0.8746235259434842;0.8056162379937298
2;_pca;0.01;500;5;;0.9048526525569489;0.812548588661629
2;_pca;0.01;20;5;0.5;0.8569949001299968;0.7961994749046497
2;_pca;0.01;50;5;0.5;0.8727253536558928;0.8004532333263844
2;_pca;0.01;100;5;0.5;0.8858285967917987;0.8037456529394904
2;_pca;0.01;200;5;0.5;0.9023015338553173;0.8084619255566465
2;_pca;0.01;500;5;0.5;0.9287732906225755;0.8151502456435139
2;_pca;0.01;20;5;0.75;0.8466964605001193;0.792358177066755
2;_pca;0.01;50;5;0.75;0.8595383714731593;0.797614653906345
2;_pca;0.01;100;5;0.75;0.8737193528594592;0.8018175178246989
2;_pca;0.01;200;5;0.75;0.886823399512987;0.8063672978525769
2;_pca;0.01;500;5;0.75;0.9154859878163721;0.8136275846529656
2;_pca;0.01;20;5;0.9;0.8396270694868407;0.7890602451021198
2;_pca;0.01;50;5;0.9;0.8539956625107756;0.7962889426080805
2;_pca;0.01;100;5;0.9;0.8655719559353511;0.8013731179416781
2;_pca;0.01;200;5;0.9;0.8814760980538956;0.806203867827936
2;_pca;0.01;500;5;0.9;0.9098055863143947;0.812866654340668
2;_pca;0.01;20;7;;0.8584142499512017;0.7913754587218101
2;_pca;0.01;50;7;;0.8819690409476949;0.7990292666810921
2;_pca;0.01;100;7;;0.9009136848969769;0.8044593780721114
2;_pca;0.01;200;7;;0.9252621908916975;0.8091847290976257
2;_pca;0.01;500;7;;0.9531037637321443;0.8138373130274665
2;_pca;0.01;20;7;0.5;0.9062928076884275;0.8028133098705001
2;_pca;0.01;50;7;0.5;0.9301764654112055;0.8058188443853935
2;_pca;0.01;100;7;0.5;0.94643597641043;0.8096179312939304
2;_pca;0.01;200;7;0.5;0.9643593610068091;0.8134641325547178
2;_pca;0.01;500;7;0.5;0.9795012533054511;0.8172757680900872
2;_pca;0.01;20;7;0.75;0.8912101730160069;0.8002024241411168
2;_pca;0.01;50;7;0.75;0.911446013443693;0.8047574474399217
2;_pca;0.01;100;7;0.75;0.9271977220281147;0.8083187407931818
2;_pca;0.01;200;7;0.75;0.9487409028150658;0.813054688897718
2;_pca;0.01;500;7;0.75;0.9708302277728706;0.8170652511551373
2;_pca;0.01;20;7;0.9;0.8783353640349923;0.7966452755063955
2;_pca;0.01;50;7;0.9;0.9002512959342839;0.8013805247558078
2;_pca;0.01;100;7;0.9;0.917663948239924;0.8055309173018474
2;_pca;0.01;200;7;0.9;0.939758256011065;0.8103523554098757
2;_pca;0.01;500;7;0.9;0.9638129234569995;0.8141699159513095
2;_pca;0.05;20;3;;0.8197183328210651;0.7890999470946363
2;_pca;0.05;50;3;;0.8409447145491065;0.7993888585419664
2;_pca;0.05;100;3;;0.8598768239074085;0.8071933270551529
2;_pca;0.05;200;3;;0.8808507324240176;0.8110033770812076
2;_pca;0.05;500;3;;0.9176380713118135;0.812575901418921
2;_pca;0.05;20;3;0.5;0.8223824603931666;0.788791857900053
2;_pca;0.05;50;3;0.5;0.8413058556373536;0.8004373963227577
2;_pca;0.05;100;3;0.5;0.8620790056147868;0.8088505516096117
2;_pca;0.05;200;3;0.5;0.8851692244382084;0.8132566541531817
2;_pca;0.05;500;3;0.5;0.9227490137352443;0.8167710677517728
2;_pca;0.05;20;3;0.75;0.821559992414733;0.7887581383804968
2;_pca;0.05;50;3;0.75;0.8419199711984812;0.7995786389397965
2;_pca;0.05;100;3;0.75;0.8621799882713944;0.8077512460934416
2;_pca;0.05;200;3;0.75;0.8831101061362369;0.8120482649858686
2;_pca;0.05;500;3;0.75;0.921084902789243;0.8142166710437271
2;_pca;0.05;20;3;0.9;0.8201076224097199;0.7884200520604558
2;_pca;0.05;50;3;0.9;0.8406817128965105;0.7993552987411914
2;_pca;0.05;100;3;0.9;0.8603589199447972;0.8068921783366961
2;_pca;0.05;200;3;0.9;0.8821054980241441;0.8112844002654837
2;_pca;0.05;500;3;0.9;0.9202067571415058;0.8138884778404122
2;_pca;0.05;20;5;;0.8617146899515546;0.797950751525812
2;_pca;0.05;50;5;;0.8880285925747252;0.8067947741084658
2;_pca;0.05;100;5;;0.9102442784452474;0.8117615538220682
2;_pca;0.05;200;5;;0.9386323997794223;0.8127788483135604
2;_pca;0.05;500;5;;0.9825169335797755;0.8124901569214531
2;_pca;0.05;20;5;0.5;0.8714954444964482;0.8023727906889015
2;_pca;0.05;50;5;0.5;0.8970275845818422;0.8089868029565361
2;_pca;0.05;100;5;0.5;0.918250516795359;0.8126320206275174
2;_pca;0.05;200;5;0.5;0.9479977722804019;0.8138959583859645
2;_pca;0.05;500;5;0.5;0.9881729637883312;0.8132498316395788
2;_pca;0.05;20;5;0.75;0.8688390343095245;0.8010604954684143
2;_pca;0.05;50;5;0.75;0.8924299763598305;0.8084932507493964
2;_pca;0.05;100;5;0.75;0.9143344724434285;0.811185040386823
2;_pca;0.05;200;5;0.75;0.9435449445618833;0.8128820939277336
2;_pca;0.05;500;5;0.75;0.9847788327285321;0.8121853248100183
2;_pca;0.05;20;5;0.9;0.8648496044028792;0.7999894400610116
2;_pca;0.05;50;5;0.9;0.8904180328625518;0.8087414726391273
2;_pca;0.05;100;5;0.9;0.9134033118728329;0.8122419673842536
2;_pca;0.05;200;5;0.9;0.9398440011181306;0.8127138564047435
2;_pca;0.05;500;5;0.9;0.9850539410741934;0.8111633018880714
2;_pca;0.05;20;7;;0.9131473330461753;0.8035817575000458
2;_pca;0.05;50;7;;0.9475875029865544;0.8110163658247017
2;_pca;0.05;100;7;;0.9632770202871308;0.8131570747696084
2;_pca;0.05;200;7;;0.9844160726139816;0.8128752285571443
2;_pca;0.05;500;7;;0.9998248826196072;0.8083570018639834
2;_pca;0.05;20;7;0.5;0.9296321839064169;0.8084531419837981
2;_pca;0.05;50;7;0.5;0.9617539629388284;0.8132663624282473
2;_pca;0.05;100;7;0.5;0.9738621747437931;0.8151493475579639
2;_pca;0.05;200;7;0.5;0.9901832223209374;0.8145157583702528
2;_pca;0.05;500;7;0.5;0.9999781274167813;0.8069571259942248
2;_pca;0.05;20;7;0.75;0.9208323909848679;0.806731827541868
2;_pca;0.05;50;7;0.75;0.9518068481633022;0.8116226584879224
2;_pca;0.05;100;7;0.75;0.969029493744445;0.812721297649131
2;_pca;0.05;200;7;0.75;0.9874396467367922;0.8120294135985378
2;_pca;0.05;500;7;0.75;0.9999524354467361;0.8080718376152645
2;_pca;0.05;20;7;0.9;0.9162347183881088;0.8063978089682446
2;_pca;0.05;50;7;0.9;0.9472444347181591;0.8127662238720613
2;_pca;0.05;100;7;0.9;0.962910420271564;0.8143815033329516
2;_pca;0.05;200;7;0.9;0.9849789730108117;0.8132966398958315
2;_pca;0.05;500;7;0.9;0.9998415103291844;0.8091560357885212
2;_pca;0.1;20;3;;0.8320005775984045;0.7958710044116832
2;_pca;0.1;50;3;;0.8578297434849561;0.8064855641290289
2;_pca;0.1;100;3;;0.8795650229949258;0.8100977904255761
2;_pca;0.1;200;3;;0.9066785787084829;0.8122589568564644
2;_pca;0.1;500;3;;0.9581791108927245;0.8109068436108371
2;_pca;0.1;20;3;0.5;0.8322084816470705;0.7965160898883158
2;_pca;0.1;50;3;0.5;0.8584508149208123;0.8067780043580782
2;_pca;0.1;100;3;0.5;0.8816018653564855;0.8106844426457491
2;_pca;0.1;200;3;0.5;0.9111772915929969;0.8132926619041991
2;_pca;0.1;500;3;0.5;0.9568544337650415;0.8127304107971944
2;_pca;0.1;20;3;0.75;0.8305901938547839;0.795599752700235
2;_pca;0.1;50;3;0.75;0.8568535908217321;0.8064504644895257
2;_pca;0.1;100;3;0.75;0.8784329915415954;0.809909781270002
2;_pca;0.1;200;3;0.75;0.9079327903082389;0.8119269492290105
2;_pca;0.1;500;3;0.75;0.9584566452900081;0.8103746446509297
2;_pca;0.1;20;3;0.9;0.8323079748780042;0.7954753761711242
2;_pca;0.1;50;3;0.9;0.8563432253316783;0.8056181126639221
2;_pca;0.1;100;3;0.9;0.8780488281479497;0.8106885457758127
2;_pca;0.1;200;3;0.9;0.9070885392147775;0.8127552258146634
2;_pca;0.1;500;3;0.9;0.9590888956049471;0.8117721490303904
2;_pca;0.1;20;5;;0.880013818750617;0.8025608152627506
2;_pca;0.1;50;5;;0.9086264039925595;0.8095854736310754
2;_pca;0.1;100;5;;0.9392350482030954;0.8108131030836975
2;_pca;0.1;200;5;;0.9752038580944241;0.8097593840710566
2;_pca;0.1;500;5;;0.9983177426603173;0.8109461843249179
2;_pca;0.1;20;5;0.5;0.8842131546026488;0.8070085785748496
2;_pca;0.1;50;5;0.5;0.91474743109366;0.8123322524022983
2;_pca;0.1;100;5;0.5;0.9449744916870473;0.8132932120595824
2;_pca;0.1;200;5;0.5;0.9804316031649476;0.8120967594723101
2;_pca;0.1;500;5;0.5;0.9994005870338625;0.8087650038350418
2;_pca;0.1;20;5;0.75;0.8777722323102543;0.8048065982852419
2;_pca;0.1;50;5;0.75;0.9091917472950612;0.8106627135162217
2;_pca;0.1;100;5;0.75;0.94063874382394;0.8120529489856709
2;_pca;0.1;200;5;0.75;0.9784645404238377;0.8123928662268173
2;_pca;0.1;500;5;0.75;0.9988313638920119;0.8084723623195752
2;_pca;0.1;20;5;0.9;0.8796382401497534;0.802622169997239
2;_pca;0.1;50;5;0.9;0.9076894674374718;0.8093360548775183
2;_pca;0.1;100;5;0.9;0.9385240420446954;0.8094581596698448
2;_pca;0.1;200;5;0.9;0.9782730228649184;0.8138618678940893
2;_pca;0.1;500;5;0.9;0.9999551844094897;0.8125914227576756
2;_pca;0.1;20;7;;0.9416682261125546;0.8053083204386494
2;_pca;0.1;50;7;;0.9669223685033166;0.8088655547797111
2;_pca;0.1;100;7;;0.9877678955343063;0.8086484358170151
2;_pca;0.1;200;7;;0.9990868709588121;0.8076305339218227
2;_pca;0.1;500;7;;0.9993020652554672;0.7966498304151658
2;_pca;0.1;20;7;0.5;0.9487763916387522;0.8067386039236012
2;_pca;0.1;50;7;0.5;0.9731053403334806;0.8115440260771596
2;_pca;0.1;100;7;0.5;0.991156353639031;0.8101116339331882
2;_pca;0.1;200;7;0.5;0.9993869620458178;0.8115701169764106
2;_pca;0.1;500;7;0.5;0.9996507331017473;0.8023211828716031
2;_pca;0.1;20;7;0.75;0.9442100060339575;0.8035006692545456
2;_pca;0.1;50;7;0.75;0.9685718417697962;0.8079727477499824
2;_pca;0.1;100;7;0.75;0.9900283219853767;0.8110926853822092
2;_pca;0.1;200;7;0.75;0.9987989364456954;0.8095552053938073
2;_pca;0.1;500;7;0.75;0.9996300292273368;0.7962714106750034
2;_pca;0.1;20;7;0.9;0.9395224833019523;0.802354620556877
2;_pca;0.1;50;7;0.9;0.9684895031784877;0.8074491234210565
2;_pca;0.1;100;7;0.9;0.9889365921608737;0.8087412557034199
2;_pca;0.1;200;7;0.9;0.9991528084962555;0.8103312965347426
2;_pca;0.1;500;7;0.9;0.9996455426893324;0.7968574971037066
