dataset;data_variant;class_weight;auc_train;auc_test;f1_train;f1_test;accuracy_train;accuracy_test;precision_train;precision_test;recall_train;recall_test;TN_train;TN_test;FN_train;FN_test;FP_train;FP_test;TP_train;TP_test
1;_pca;40;0.711744649810595;0.6961638065966591;0.09232535257461462;0.08714810281517747;0.8303838198115375;0.8285911284762124;0.5895287958115183;0.559748427672956;0.05008451205408771;0.047252455534908415;53632.0;17848.0;10678.0;3589.0;392.0;140.0;563.0;178.0
1;_pca;45;0.7189770426460184;0.7104423727505755;0.08815915982545669;0.085796843743054;0.8110932352715851;0.8109400137899333;0.6240837696335079;0.6069182389937107;0.047429571860576156;0.04616120545324085;52340.0;17449.0;11970.0;3988.0;359.0;125.0;596.0;193.0
1;_pca;50;0.7257869482000227;0.7141111603021051;0.08468176914778856;0.08222540396809162;0.7919865165096146;0.7937485635486096;0.6575916230366492;0.6320754716981132;0.04525473805577574;0.04397287245679282;51061.0;17067.0;13249.0;4370.0;327.0;117.0;628.0;201.0
1;_pca;55;0.7295019787172897;0.7200616080526145;0.08175310812507848;0.07935314027830012;0.7759289052325136;0.7749482877499425;0.6816753926701571;0.6635220125786163;0.04348406920045421;0.0422;49990.0;16648.0;14320.0;4789.0;304.0;107.0;651.0;211.0
1;_pca;60;0.7319832926409302;0.7230443866083534;0.07886398310057506;0.07690950784970894;0.759472918103118;0.7594575959549529;0.7036649214659686;0.6855345911949685;0.041772860073351153;0.040740048589048776;48895.0;16304.0;15415.0;5133.0;283.0;100.0;672.0;218.0
1;_pca;65;0.7369709139549028;0.7261437859599124;0.07697829808382572;0.07481296758104738;0.7438902934191374;0.7441967363824408;0.7298429319371728;0.7075471698113207;0.04063192258365396;0.03949447077409163;47853.0;15965.0;16457.0;5472.0;258.0;93.0;697.0;225.0
1;_pca;70;0.7379928780831719;0.7246428249752163;0.07477321587751036;0.07209192507476782;0.7296406956255267;0.7290278096989198;0.7465968586387435;0.720125786163522;0.039357474056083024;0.037945318972659486;46907.0;15631.0;17403.0;5806.0;242.0;89.0;713.0;229.0
1;_pca;75;0.7446236366552391;0.7394852783481684;0.07391847961990498;0.07326672721768089;0.7162797824254961;0.7185934267984372;0.7738219895287958;0.7610062893081762;0.038813025210084034;0.03848600508905852;46009.0;15391.0;18301.0;6046.0;216.0;76.0;739.0;242.0
1;_pca;a;0.7376684921938157;0.7250434430801034;0.07594527631153722;0.07323761897080173;0.7371332260782961;0.7359227763732475;0.7382198952879581;0.7138364779874213;0.04003179830787576;0.03859887774188063;47404.0;15783.0;16906.0;5654.0;250.0;91.0;705.0;227.0
1;_scaled;40;0.7175140700191562;0.6958880240857883;0.09478830060485541;0.08888888888888888;0.8326055312954876;0.8341530682601701;0.5989528795811518;0.5534591194968553;0.05146661867914342;0.04832509610104338;53768.0;17971.0;10542.0;3466.0;383.0;142.0;572.0;176.0
1;_scaled;45;0.7244898931142593;0.7047732084918715;0.09011692857674834;0.08545454545454545;0.8128093158660844;0.8150310273500345;0.6335078534031413;0.5911949685534591;0.04850865939704939;0.046055854973052424;52443.0;17543.0;11867.0;3894.0;350.0;130.0;605.0;188.0
1;_scaled;50;0.7302007374293853;0.7160004171943941;0.08667670820210872;0.08361064891846921;0.7956025434765954;0.7974718455527465;0.6628272251308901;0.6320754716981132;0.0463702292872317;0.04476614699331848;51292.0;17148.0;13018.0;4289.0;322.0;117.0;633.0;201.0
1;_scaled;55;0.7317126793403352;0.7282772130592994;0.083004455760662;0.08276929027267453;0.7792691335325213;0.7819811537577568;0.6827225130890052;0.6729559748427673;0.044188410708234496;0.04409643519472491;50207.0;16798.0;14103.0;4639.0;303.0;104.0;652.0;214.0
1;_scaled;60;0.7367314000167708;0.7367796025387247;0.08072497466165861;0.0809498111171074;0.7637477974412012;0.7651574350723972;0.7089005235602094;0.7075471698113207;0.0427993425211784;0.04293073840870063;49169.0;16421.0;15141.0;5016.0;278.0;93.0;677.0;225.0
1;_scaled;65;0.7445207726644746;0.7404854300285493;0.0795358530952515;0.07892498724272835;0.749620776832912;0.7510917030567685;0.7392670157068063;0.7295597484276729;0.042028812953923085;0.0417191152670383;48218.0;16108.0;16092.0;5329.0;249.0;86.0;706.0;232.0
1;_scaled;70;0.7470252482860752;0.7432953310901067;0.0775949841916296;0.07715999351596693;0.7362598636328813;0.7383130314870144;0.7581151832460733;0.7484276729559748;0.04089009375352988;0.040676807383353275;47328.0;15824.0;16982.0;5613.0;231.0;80.0;724.0;238.0
1;_scaled;75;0.7476065295635261;0.7399791930897117;0.07552576370055775;0.07444168734491315;0.7231747490998238;0.725672259250747;0.7727748691099476;0.7547169811320755;0.03970303421562298;0.03915171288743882;46460.0;15547.0;17850.0;5890.0;217.0;78.0;738.0;240.0
1;_scaled;a;0.7466231139905611;0.7405746192661076;0.07882858086535285;0.0778443113772455;0.7435991726039991;0.7451620317168467;0.749738219895288;0.7358490566037735;0.041601301493231074;0.0410958904109589;47815.0;15977.0;16495.0;5460.0;239.0;84.0;716.0;234.0
1;_woe_scaled;40;0.7286082384002228;0.6938972557586468;0.09215197522471487;0.08335262792313036;0.8158431012027886;0.8180188462422432;0.6387434554973822;0.5660377358490566;0.049658091826766525;0.04498875281179705;52636.0;17616.0;11674.0;3821.0;345.0;138.0;610.0;180.0
1;_woe_scaled;45;0.735519379706119;0.7032352075688804;0.08750508750508751;0.0802828618968386;0.7938864628820961;0.7967363824408182;0.675392670157068;0.6069182389937107;0.046783201566693265;0.04298440979955456;51168.0;17140.0;13142.0;4297.0;310.0;125.0;645.0;193.0
1;_woe_scaled;50;0.7412719069363789;0.7258981488245652;0.0836370374945951;0.08116821543713257;0.7726959319696621;0.777292576419214;0.7089005235602094;0.6729559748427673;0.04444006826834712;0.04318869828456105;49753.0;16696.0;14557.0;4741.0;278.0;104.0;677.0;214.0
1;_woe_scaled;55;0.7483721274813343;0.7286572941686962;0.08099937254007188;0.07786741494212557;0.7531448709109017;0.7583084348425649;0.743455497382199;0.6981132075471698;0.04283301158301158;0.0412332838038633;48444.0;16275.0;15866.0;5162.0;245.0;96.0;710.0;222.0
1;_woe_scaled;60;0.7546454062089633;0.736973090374809;0.07901208168502084;0.0764184978681535;0.7360300314104037;0.7411169846012411;0.7738219895287958;0.7327044025157232;0.04163145738268267;0.04031141868512111;47298.0;15890.0;17012.0;5547.0;216.0;85.0;739.0;233.0
1;_woe_scaled;65;0.755123131494129;0.745732045605039;0.07650217853885904;0.07536679536679536;0.7207078832452309;0.7247988968053322;0.7905759162303665;0.7672955974842768;0.040195921844220835;0.039629689783985705;46282.0;15524.0;18028.0;5913.0;200.0;74.0;755.0;244.0
1;_woe_scaled;70;0.7551290745660133;0.7461532740518289;0.07432105924422537;0.07324606559788203;0.7064889297479506;0.7103654332337394;0.8052356020942408;0.7830188679245284;0.038958407214144584;0.038419996914056474;45340.0;15205.0;18970.0;6232.0;186.0;69.0;769.0;249.0
1;_woe_scaled;75;0.7579289941310129;0.7474608205468533;0.07299202374327583;0.07170077628793227;0.6937102581781965;0.6976786945529764;0.8240837696335078;0.7987421383647799;0.03818719976709205;0.03753509679326142;44488.0;14924.0;19822.0;6513.0;168.0;64.0;787.0;254.0
1;_woe_scaled;a;0.7552116262768446;0.7451215100676752;0.07542687453600594;0.07411871045495631;0.7137669501264077;0.7174902321305447;0.7979057591623037;0.7735849056603774;0.03958441558441558;0.03892405063291139;45822.0;15363.0;18488.0;6074.0;193.0;72.0;762.0;246.0
1;_woe_pca;40;0.7234115105090607;0.6913686381888952;0.09074410163339383;0.08212892865336086;0.8157664904619628;0.8160882555734313;0.6282722513089005;0.5628930817610063;0.04890374113619692;0.04429596634496412;52641.0;17575.0;11669.0;3862.0;355.0;139.0;600.0;179.0
1;_woe_pca;45;0.7308048547570221;0.6967922386586644;0.08581035642232684;0.07788481246156999;0.7917107178426416;0.7931969662146633;0.6680628272251309;0.5974842767295597;0.0458498023715415;0.04165753124314843;51033.0;17066.0;13277.0;4371.0;317.0;128.0;638.0;190.0
1;_woe_pca;50;0.7387631164817666;0.7110337648742857;0.08244274809160305;0.07682267387656162;0.7697847238182793;0.772420133302689;0.7068062827225131;0.6477987421383647;0.04377431906614786;0.04083250743310208;49565.0;16598.0;14745.0;4839.0;280.0;112.0;675.0;206.0
1;_woe_pca;55;0.743986791726267;0.7219810836668394;0.07961549335595137;0.0757392356908179;0.750601394315483;0.7543093541714548;0.7371727748691099;0.6886792452830188;0.042080095636580994;0.040073193046660564;48284.0;16191.0;16026.0;5246.0;251.0;99.0;704.0;219.0
1;_woe_pca;60;0.7447290244162561;0.7287245528289271;0.07655654383735705;0.07413402395597281;0.7327510917030567;0.7370719374856355;0.7570680628272252;0.720125786163522;0.0403167345117939;0.03907849829351536;47100.0;15806.0;17210.0;5631.0;232.0;89.0;723.0;229.0
1;_woe_pca;65;0.7530135037990884;0.7371802939900244;0.07562308810992427;0.0730816077953715;0.7175668428713705;0.7201562859112848;0.7895287958115184;0.7547169811320755;0.03971347308543137;0.0384;46078.0;15427.0;18232.0;6010.0;201.0;78.0;754.0;240.0
1;_woe_pca;70;0.753921491206289;0.7485145151083341;0.07347755646621558;0.07301173402868318;0.7020761510763809;0.7058607216731786;0.8073298429319372;0.7924528301886793;0.038490339973041784;0.03826879271070615;45050.0;15104.0;19260.0;6333.0;184.0;66.0;771.0;252.0
1;_woe_pca;75;0.7566929572969933;0.7510212021007586;0.07205399489237505;0.07160699417152372;0.6882249291350647;0.6924844863249827;0.8272251308900523;0.8113207547169812;0.03766747723263243;0.037456445993031356;44127.0;14807.0;20183.0;6630.0;165.0;60.0;790.0;258.0
1;_woe_pca;a;0.7534234129352181;0.7429756874245816;0.07457793002202105;0.07310549777117385;0.710242856048418;0.713261319236957;0.7979057591623037;0.7735849056603774;0.0391170431211499;0.03836556456643793;45592.0;15271.0;18718.0;6166.0;193.0;72.0;762.0;246.0
2;_pca;40;0.7142640238178782;0.6962104549149872;0.09265591923139554;0.08719079108498654;0.8292499808473148;0.8286830613652034;0.5958115183246073;0.559748427672956;0.050233954268561844;0.047277556440903055;53552.0;17850.0;10758.0;3587.0;386.0;140.0;569.0;178.0
2;_pca;45;0.7185054232566243;0.7070644770708846;0.08747252747252747;0.08475704459729311;0.8091473224546082;0.8103884164559871;0.625130890052356;0.60062893081761;0.04702638834186688;0.04559560754356649;52212.0;17439.0;12098.0;3998.0;358.0;127.0;597.0;191.0
2;_pca;50;0.72672522085025;0.7154968940728178;0.08485991379310345;0.08248264597795017;0.7918026507316326;0.7934267984371409;0.6596858638743456;0.6352201257861635;0.045346577413085724;0.04410480349344978;51047.0;17059.0;13263.0;4378.0;325.0;116.0;630.0;202.0
2;_pca;55;0.7292247303432896;0.7183493360536051;0.08134747348721148;0.07890287431899304;0.774366046119666;0.7746265226384739;0.6827225130890052;0.660377358490566;0.043250414593698175;0.04195804195804196;49887.0;16642.0;14423.0;4795.0;303.0;108.0;652.0;210.0
2;_pca;60;0.7317033983787626;0.719176683586217;0.0786977397821759;0.07581607581607581;0.7589213207691718;0.7579407032866008;0.7036649214659686;0.6792452830188679;0.04167958816597407;0.04014869888475837;48859.0;16273.0;15451.0;5164.0;283.0;102.0;672.0;216.0
2;_pca;65;0.7383756770420762;0.724151624050934;0.07738721284251314;0.0742705570291777;0.7446257565310657;0.743323373937026;0.7319371727748691;0.7044025157232704;0.04085330216247808;0.0392019600980049;47899.0;15947.0;16411.0;5490.0;256.0;94.0;699.0;224.0
2;_pca;70;0.7485962545621219;0.7315618854487466;0.07685855090699381;0.07361769352290679;0.7302076151076381;0.7304527694782809;0.7675392670157068;0.7327044025157232;0.0404547712346156;0.038755821689953424;46924.0;15658.0;17386.0;5779.0;222.0;85.0;733.0;233.0
2;_pca;75;0.7487343699244742;0.7394619541890043;0.07465147654024884;0.07325563795973966;0.7162491381291657;0.7185474603539416;0.7821989528795812;0.7610062893081762;0.03919613810473292;0.0384798855143902;45999.0;15390.0;18311.0;6047.0;208.0;76.0;747.0;242.0
2;_pca;a;0.7424738321660218;0.7257898161733534;0.07692722081560092;0.07361764228960596;0.7374549911897648;0.7373937025971041;0.7476439790575916;0.7138364779874213;0.040549750113584734;0.038810053000512906;47416.0;15815.0;16894.0;5622.0;241.0;91.0;714.0;227.0
2;_scaled;40;0.7240093591170387;0.7044823166200331;0.09651872628279162;0.09095452273863068;0.832191833295028;0.8327740749253045;0.612565445026178;0.5723270440251572;0.05238649592549476;0.0494028230184582;53728.0;17935.0;10582.0;3502.0;370.0;136.0;585.0;182.0
2;_scaled;45;0.7301557573305351;0.7157095253225554;0.09159851301115242;0.08843537414965986;0.8127939937179193;0.8152148931280165;0.6450261780104712;0.6132075471698113;0.04929971988795518;0.047653958944281524;52431.0;17540.0;11879.0;3897.0;339.0;123.0;616.0;195.0
2;_scaled;50;0.7343374411086353;0.7196815269432179;0.0874123493770849;0.0848130353039482;0.7946066038458592;0.7986210066651345;0.6722513089005235;0.6383647798742138;0.04674530362603757;0.045424032221973595;51218.0;17171.0;13092.0;4266.0;313.0;115.0;642.0;203.0
2;_scaled;55;0.7380213722634393;0.7267048860152743;0.08424653195667321;0.08239845261121857;0.7784877039760975;0.7819351873132613;0.6963350785340314;0.6698113207547169;0.04483549083063646;0.043899422918384175;50143.0;16798.0;14167.0;4639.0;290.0;105.0;665.0;213.0
2;_scaled;60;0.7437580241646932;0.7329022911365555;0.08213479139427075;0.08043478260869565;0.763364743737072;0.7666743277407493;0.7235602094240837;0.6981132075471698;0.04353852939323294;0.04267589388696655;49130.0;16457.0;15180.0;4980.0;264.0;96.0;691.0;222.0
2;_scaled;65;0.7455834427645541;0.7352223848556674;0.07976116712668281;0.07820270965529069;0.7496820654255727;0.7529303608365893;0.7413612565445026;0.7169811320754716;0.04214787474699369;0.04135679303464539;48220.0;16152.0;16090.0;5285.0;247.0;90.0;708.0;228.0
2;_scaled;70;0.7497285725799688;0.7424227288210034;0.07815599035111231;0.0772238514173998;0.7365050180035241;0.7396460583773845;0.7633507853403141;0.7452830188679245;0.041186440677966105;0.040721649484536084;47339.0;15854.0;16971.0;5583.0;226.0;81.0;729.0;237.0
2;_scaled;75;0.7498484923729221;0.7462685012658125;0.07599344530929947;0.07563546187228766;0.7235271585076227;0.725856125028729;0.7769633507853403;0.7672955974842768;0.03995046572982286;0.03977828496902511;46479.0;15547.0;17831.0;5890.0;213.0;74.0;742.0;244.0
2;_scaled;a;0.7479994236034393;0.7411577232452091;0.07903704517972959;0.07816936696175046;0.7432620853443653;0.7463111928292346;0.7528795811518325;0.7358490566037735;0.0417077556702825;0.04127712118539425;47790.0;16002.0;16520.0;5435.0;236.0;84.0;719.0;234.0
2;_woe_scaled;40;0.7343751755445035;0.7019221600929211;0.0937429239942637;0.0857076673615937;0.8160269669807707;0.8185704435761894;0.650261780104712;0.5817610062893082;0.050512445095168376;0.046261565391347834;52637.0;17623.0;11673.0;3814.0;334.0;133.0;621.0;185.0
2;_woe_scaled;45;0.7366935434629872;0.7148712491744862;0.08759124087591241;0.0835421888053467;0.7931509997701678;0.7982992415536658;0.6785340314136126;0.6289308176100629;0.04681742648652554;0.0447427293064877;51117.0;17167.0;13193.0;4270.0;307.0;118.0;648.0;200.0
2;_woe_scaled;50;0.7480004412527343;0.7259681213020573;0.0851221317542561;0.08121442125237191;0.7727418984141576;0.7774304757527005;0.7225130890052356;0.6729559748427673;0.045225142557514586;0.04321486268174475;49743.0;16699.0;14567.0;4738.0;265.0;104.0;690.0;214.0
2;_woe_scaled;55;0.7477552691845211;0.732035189848387;0.08083456846425721;0.07867931155602388;0.7529456829847545;0.7588600321765111;0.7424083769633508;0.7044025157232704;0.04274431783927172;0.041666666666666664;48432.0;16285.0;15878.0;5152.0;246.0;94.0;709.0;224.0
2;_woe_scaled;60;0.7536189644237947;0.7361004881057056;0.07899962432243868;0.07647931432338882;0.7370566153374704;0.7424500114916112;0.7706806282722513;0.7295597484276729;0.04163366896707772;0.04035484432075143;47368.0;15920.0;16942.0;5517.0;219.0;86.0;736.0;232.0
2;_woe_scaled;65;0.75569069485908;0.7355654260267691;0.07678616831934909;0.07369402985074627;0.7218264000612886;0.7261319236957021;0.7905759162303665;0.7452830188679245;0.04035275253874933;0.03876349362119725;46355.0;15560.0;17955.0;5877.0;200.0;81.0;755.0;237.0
2;_woe_scaled;70;0.7577027096337196;0.7439649104895051;0.0750680669000389;0.07312018946121966;0.7085114533057535;0.7121581245690646;0.8083769633507853;0.7767295597484277;0.03936164788660582;0.03836595215905561;45469.0;15246.0;18841.0;6191.0;183.0;71.0;772.0;247.0
2;_woe_scaled;75;0.7580170004420668;0.7470780256201952;0.07330967500933881;0.07194653775060429;0.6959166475139814;0.6999770167777523;0.8219895287958116;0.7955974842767296;0.03836567127706368;0.03767684288905435;44634.0;14975.0;19676.0;6462.0;170.0;65.0;785.0;253.0
2;_woe_scaled;a;0.7563649485761458;0.7370636731942041;0.07582608695652174;0.0730260155180283;0.7150233662759519;0.7199264536888071;0.7989528795811518;0.7547169811320755;0.03980177360459051;0.03836930455635491;45903.0;15422.0;18407.0;6015.0;192.0;78.0;763.0;240.0
2;_woe_pca;40;0.7226262516068682;0.6919380263888656;0.09005628517823638;0.08176243470361119;0.8142189534972804;0.8141576649046196;0.6282722513089005;0.5660377358490566;0.04850444624090541;0.044063647490820076;52540.0;17532.0;11770.0;3905.0;355.0;138.0;600.0;180.0
2;_woe_pca;45;0.731292186651535;0.6961158380429066;0.08565310492505353;0.07742461287693561;0.7906381674710794;0.7918639393242932;0.6701570680628273;0.5974842767295597;0.04575023232539853;0.04139433551198257;50961.0;17037.0;13349.0;4400.0;315.0;128.0;640.0;190.0
2;_woe_pca;50;0.7416401331573751;0.714584538048158;0.08297289064879683;0.07717872968980798;0.7693557036696544;0.7702597104113996;0.7130890052356021;0.6572327044025157;0.04404915912031048;0.040996469203609255;49531.0;16548.0;14779.0;4889.0;274.0;109.0;681.0;209.0
2;_woe_pca;55;0.7464750663710871;0.7208381998678004;0.07988748241912799;0.07510288065843622;0.7494062667585996;0.7520569983911745;0.743455497382199;0.6886792452830188;0.04221165279429251;0.0397170837867247;48200.0;16142.0;16110.0;5295.0;245.0;99.0;710.0;219.0
2;_woe_pca;60;0.749692507088945;0.7291773202330774;0.07743094068557545;0.0738718484021198;0.7323680379989275;0.7349115145943461;0.7675392670157068;0.7232704402515723;0.04077205473356325;0.038923675748857675;47065.0;15758.0;17245.0;5679.0;222.0;88.0;733.0;230.0
2;_woe_pca;65;0.7525781127246054;0.7352581045585382;0.07541131169675451;0.0726223032512914;0.7167088025741208;0.7194208227993565;0.7895287958115184;0.7515723270440252;0.039596681020901164;0.038154533844189015;46022.0;15412.0;18288.0;6025.0;201.0;79.0;754.0;239.0
2;_woe_pca;70;0.7555232711970243;0.7472687262926057;0.07376697641172265;0.07288037166085948;0.7021834061135371;0.7064582854516204;0.8104712041884817;0.789308176100629;0.038642036944583125;0.03820395738203958;45054.0;15118.0;19256.0;6319.0;181.0;67.0;774.0;251.0
2;_woe_pca;75;0.7551145018281051;0.7527334740997681;0.071786919638785;0.07193445354811832;0.6881636405424041;0.6928062514364514;0.8240837696335078;0.8144654088050315;0.03752801487768823;0.037628940868807206;44126.0;14813.0;20184.0;6624.0;168.0;59.0;787.0;259.0
2;_woe_pca;a;0.7549785438822588;0.7397843850182031;0.07485322896281801;0.0725111441307578;0.7102581781965832;0.713077453458975;0.8010471204188482;0.7672955974842768;0.03926096997690531;0.038053649407361195;45590.0;15269.0;18720.0;6168.0;190.0;74.0;765.0;244.0
3;_pca;40;0.7174234178199348;0.7050187722808064;0.09432875133755866;0.09148027142498115;0.8314104037386042;0.8338313031487015;0.6;0.5723270440251572;0.05118813650169734;0.0497131931166348;53689.0;17958.0;10621.0;3479.0;382.0;136.0;573.0;182.0
3;_pca;45;0.7203014114388666;0.7055058658059905;0.08897831433042701;0.08519269776876268;0.812686738680763;0.8134222017926913;0.625130890052356;0.5943396226415094;0.047897946084724;0.045884923525127456;52443.0;17507.0;11867.0;3930.0;358.0;129.0;597.0;189.0
3;_pca;50;0.7269065252486931;0.7094312191083247;0.0855119825708061;0.08181063122923589;0.7941929058453995;0.7967363824408182;0.6575916230366492;0.6194968553459119;0.045729265273428965;0.04379724321920854;51205.0;17136.0;13105.0;4301.0;327.0;121.0;628.0;197.0
3;_pca;55;0.7336618440944997;0.7288232771001057;0.08315929371558763;0.08243865030674846;0.7780280395311423;0.7800045966444495;0.6879581151832461;0.6761006289308176;0.0442543446046073;0.043895467537770516;50121.0;16754.0;14189.0;4683.0;298.0;103.0;657.0;215.0
3;_pca;60;0.7350467426674299;0.7307701842725928;0.08010443244526197;0.0797402128811113;0.7624607369953268;0.7655251666283613;0.7068062827225131;0.6949685534591195;0.04245817083909926;0.042296650717703346;49087.0;16433.0;15223.0;5004.0;280.0;97.0;675.0;221.0
3;_pca;65;0.7356228949924326;0.7310514677643984;0.07751067175915524;0.07696237016856802;0.7483490385352026;0.7508159043897954;0.7225130890052356;0.710691823899371;0.04095198528102558;0.04068406840684068;48151.0;16108.0;16159.0;5329.0;265.0;92.0;690.0;226.0
3;_pca;70;0.7408462445891587;0.7352937509149965;0.07624037639007698;0.07552674230145869;0.7352639240021451;0.7378074005975638;0.7465968586387435;0.7327044025157232;0.04017127725505662;0.039815447710184554;47274.0;15818.0;17036.0;5619.0;242.0;85.0;713.0;233.0
3;_pca;75;0.7447425795048689;0.7351922394801441;0.07475302984010593;0.07351116625310174;0.721596567838811;0.7253964605837738;0.768586387434555;0.7452830188679245;0.03928705240057807;0.03866231647634584;46361.0;15544.0;17949.0;5893.0;221.0;81.0;734.0;237.0
3;_pca;a;0.7387801315779833;0.7340753936575304;0.07706663739159073;0.07645005816852252;0.7423734007507853;0.7445644679384049;0.7350785340314137;0.7232704402515723;0.0406650060823727;0.040357957536409896;47749.0;15968.0;16561.0;5469.0;253.0;88.0;702.0;230.0
3;_scaled;40;0.7217751711482585;0.7097590775720459;0.09574818721160185;0.09294147199196182;0.8318547460353941;0.8340151689266835;0.6083769633507854;0.5817610062893082;0.05196315177533316;0.050505050505050504;53710.0;17959.0;10600.0;3478.0;374.0;133.0;581.0;185.0
3;_scaled;45;0.7287483483551939;0.7144870606659912;0.09131535826009235;0.08830223031406463;0.8130697923848924;0.8158584233509538;0.6418848167539267;0.610062893081761;0.049154037366690724;0.04759568204121688;52452.0;17555.0;11858.0;3882.0;342.0;124.0;613.0;194.0
3;_scaled;50;0.733264350279772;0.7198681202165303;0.08740254411161263;0.08495501150868383;0.7955412548839347;0.7989887382210986;0.669109947643979;0.6383647798742138;0.046754957196165944;0.04550549204214302;51282.0;17179.0;13028.0;4258.0;316.0;115.0;639.0;203.0
3;_scaled;55;0.7375340403689263;0.7271946933577195;0.08438872271367658;0.08273451155564186;0.7795602543476595;0.7829004826476672;0.694240837696335;0.6698113207547169;0.04492478655644396;0.04409025046574208;50215.0;16819.0;14095.0;4618.0;292.0;105.0;663.0;213.0
3;_scaled;60;0.7382683353944124;0.7327856703407352;0.08125897558640499;0.08036199095022624;0.7647437370719374;0.7664444955182717;0.7109947643979058;0.6981132075471698;0.04309195912927588;0.04263491453812176;49232.0;16452.0;15078.0;4985.0;276.0;96.0;679.0;222.0
3;_scaled;65;0.7439452716350206;0.7403125525343679;0.0797866303484281;0.07940873152286008;0.7515360453535586;0.7538037232820042;0.7361256544502618;0.7264150943396226;0.042179156416871665;0.042;48346.0;16168.0;15964.0;5269.0;252.0;87.0;703.0;231.0
3;_scaled;70;0.745464825562699;0.7413635332785875;0.07764578833693304;0.07718724448078496;0.7382670650425189;0.7406113537117904;0.7528795811518325;0.7421383647798742;0.04093367492171933;0.040710712437467655;47464.0;15876.0;16846.0;5561.0;236.0;82.0;719.0;236.0
3;_scaled;75;0.7475028107473536;0.747178143473211;0.07563628899835796;0.07609543115546546;0.723986822952578;0.7276488163640542;0.7717277486910995;0.7672955974842768;0.039766902282415154;0.04003281378178835;46514.0;15586.0;17796.0;5851.0;218.0;74.0;737.0;244.0
3;_scaled;a;0.7462368550240531;0.7388527388870649;0.07898666961668234;0.0779963018994789;0.7448709109017084;0.7478740519420822;0.7476439790575916;0.7295597484276729;0.041695865451997195;0.04120049724738057;47900.0;16038.0;16410.0;5399.0;241.0;86.0;714.0;232.0
3;_woe_scaled;40;0.7308502012096186;0.7024119674353664;0.09286146400483969;0.0861266294227188;0.8161955106105876;0.8195357389105953;0.6429319371727749;0.5817610062893082;0.05004482842937485;0.04650578179989945;52655.0;17644.0;11655.0;3793.0;341.0;133.0;614.0;185.0
3;_woe_scaled;45;0.7372999810310171;0.7131823013346407;0.088055442315532;0.0830550918196995;0.7943461273270512;0.7980234428866927;0.6785340314136126;0.6257861635220126;0.047082758119596016;0.04447921323200715;51195.0;17162.0;13115.0;4275.0;307.0;119.0;648.0;199.0
3;_woe_scaled;50;0.7455354911297617;0.7278436624152151;0.08486878838637632;0.08178014454165082;0.7739829924155367;0.7780740059756378;0.7162303664921466;0.6761006289308176;0.04510683197045635;0.043522267206477734;49830.0;16712.0;14480.0;4725.0;271.0;103.0;684.0;215.0
3;_woe_scaled;55;0.7441188011928478;0.7322451072808636;0.08028402909007616;0.07880386983289359;0.7539109783191603;0.7592737301769709;0.7340314136125654;0.7044025157232704;0.0424642597528471;0.041736538103223406;48503.0;16294.0;15807.0;5143.0;254.0;94.0;701.0;224.0
3;_woe_scaled;60;0.7530538841231242;0.7364270263340025;0.07905649200280038;0.07665620353543698;0.7379759442273807;0.7430935417145483;0.768586387434555;0.7295597484276729;0.04167139775178835;0.04045335658238884;47430.0;15934.0;16880.0;5503.0;221.0;86.0;734.0;232.0
3;_woe_scaled;65;0.7540707192989455;0.7391998874572647;0.07663265306122449;0.07453609854982067;0.7226997625067034;0.727189151919099;0.7863874345549738;0.7515723270440252;0.04027889514615178;0.03921246923707957;46416.0;15581.0;17894.0;5856.0;204.0;79.0;751.0;239.0
3;_woe_scaled;70;0.756575194920546;0.7387251894757872;0.07499512385410573;0.07246160727598032;0.7093388493066728;0.7140427487933808;0.8052356020942408;0.7641509433962265;0.039329003222011966;0.038034121145719205;45526.0;15291.0;18784.0;6146.0;186.0;75.0;769.0;243.0
3;_woe_scaled;75;0.7589526272041265;0.7462520716694201;0.07358172626848905;0.072;0.6967440435149008;0.7014019765571133;0.8230366492146597;0.7924528301886793;0.03851242099073938;0.03771325950314277;44687.0;15007.0;19623.0;6430.0;169.0;66.0;786.0;252.0
3;_woe_scaled;a;0.7540088462217938;0.7394523458089713;0.07563193126186432;0.07371157669368404;0.7164789703516433;0.7215812456906459;0.7926701570680629;0.7578616352201258;0.039710433824686565;0.03873975245137438;46004.0;15457.0;18306.0;5980.0;198.0;77.0;757.0;241.0
3;_woe_pca;40;0.7296398091378394;0.698474291935738;0.09242618741976895;0.08456561922365988;0.8158431012027886;0.8178809469087566;0.6408376963350786;0.5754716981132075;0.0498046875;0.0456359102244389;52634.0;17610.0;11676.0;3827.0;343.0;135.0;612.0;183.0
3;_woe_pca;45;0.7370200867688496;0.7014996114107067;0.08784058560390404;0.07976734524304115;0.7937945299931051;0.7963686508848541;0.6785340314136126;0.6037735849056604;0.04695992463221973;0.042704626334519574;51159.0;17133.0;13151.0;4304.0;307.0;126.0;648.0;192.0
3;_woe_pca;50;0.7408882938580387;0.7176633270578143;0.08361162646876934;0.07910673732021196;0.7729564084884701;0.7763272810848081;0.7078534031413612;0.6572327044025157;0.044429838974696025;0.042086186065243655;49771.0;16680.0;14539.0;4757.0;279.0;109.0;676.0;209.0
3;_woe_pca;55;0.7447667588521241;0.7284940250545477;0.08046767537826685;0.07777193904361533;0.7541714548379683;0.7579866697310963;0.7350785340314137;0.6981132075471698;0.04256351179288183;0.041179744017807454;48519.0;16268.0;15791.0;5169.0;253.0;96.0;702.0;222.0
3;_woe_pca;60;0.7471885199390061;0.7346681060166649;0.07768240343347639;0.07623762376237624;0.73658162874435;0.7426798437140887;0.7581151832460733;0.7264150943396226;0.04093864857223636;0.040229885057471264;47349.0;15926.0;16961.0;5511.0;231.0;87.0;724.0;231.0
3;_woe_pca;65;0.7537001728375563;0.7403757037955009;0.07628322174883344;0.07463846991136683;0.7209530376158737;0.7264536888071708;0.787434554973822;0.7547169811320755;0.04008315121795213;0.03926059218059873;46301.0;15564.0;18009.0;5873.0;203.0;78.0;752.0;240.0
3;_woe_pca;70;0.7551135248847818;0.7417395069888862;0.07431387707769617;0.0725342768686422;0.7064582854516204;0.7108250976786945;0.8052356020942408;0.7735849056603774;0.03895446026037182;0.038051044083526685;45338.0;15218.0;18972.0;6219.0;186.0;72.0;769.0;246.0
3;_woe_pca;75;0.755427815693129;0.7416613197131978;0.07259561826958782;0.0708215297450425;0.6938634796598483;0.6984601241094002;0.818848167539267;0.7861635220125787;0.0379814464034193;0.03708098487095817;44503.0;14945.0;19807.0;6492.0;173.0;68.0;782.0;250.0
3;_woe_pca;a;0.7549601854889725;0.7411742261880139;0.07546234319996033;0.07361405634656165;0.7142879031640236;0.7188692254654102;0.7968586387434555;0.7641509433962265;0.03960653690017695;0.03866963717377467;45857.0;15396.0;18453.0;6041.0;194.0;75.0;761.0;243.0
4;_pca;40;0.7155288397739679;0.6947081003484541;0.09317885117493474;0.08678597695513607;0.82970964529227;0.8287749942541944;0.5979057591623037;0.5566037735849056;0.05052650207946199;0.04706195160861473;53580.0;17853.0;10730.0;3584.0;384.0;141.0;571.0;177.0
4;_pca;45;0.7199179611844134;0.7082402934091206;0.088055861815509;0.08486187845303866;0.8098981077147016;0.8096529533440588;0.6272251308900524;0.6037735849056604;0.047351778656126484;0.045638222010934155;52259.0;17422.0;12051.0;4015.0;356.0;126.0;599.0;192.0
4;_pca;50;0.7247942516654848;0.7107799129407424;0.0844633340079606;0.08130745658835546;0.7920631272504405;0.7932888991036543;0.6554973821989529;0.6257861635220126;0.045139890395154314;0.043478260869565216;51068.0;17059.0;13242.0;4378.0;329.0;119.0;626.0;199.0
4;_pca;55;0.727088969414347;0.7120367037183404;0.08106245693165445;0.07744360902255638;0.7752394085650808;0.7743966904159963;0.6774869109947644;0.6477987421383647;0.04311034115138593;0.04118352658936426;49949.0;16641.0;14361.0;4796.0;308.0;112.0;647.0;206.0
4;_pca;60;0.7317655971036887;0.7138203417766789;0.07873462214411248;0.07499115670321896;0.7590438979544932;0.7595954952884394;0.7036649214659686;0.6666666666666666;0.04170027924294136;0.03973013493253373;48867.0;16313.0;15443.0;5124.0;283.0;106.0;672.0;212.0
4;_pca;65;0.7369760429073507;0.7175494934256677;0.07716186252771619;0.07332998493219488;0.7449168773462039;0.7455757297173063;0.7287958115183246;0.6886792452830188;0.040737489025460934;0.03872679045092838;47921.0;16001.0;16389.0;5436.0;259.0;99.0;696.0;219.0
4;_pca;70;0.7396386612294343;0.7256224396601069;0.07527900610654874;0.07257170020598953;0.7308511453305754;0.7309584003677315;0.7486910994764397;0.720125786163522;0.03963194944847846;0.03821124645419656;46984.0;15673.0;17326.0;5764.0;240.0;89.0;715.0;229.0
4;_pca;75;0.7414252056262166;0.7365038933742666;0.0734644720995584;0.07276034561164166;0.7170918562782502;0.7188232590209147;0.7664921465968586;0.7547169811320755;0.03858114162230538;0.038222646918299095;46069.0;15398.0;18241.0;6039.0;223.0;78.0;732.0;240.0
4;_pca;a;0.7392132024120731;0.7252204279733829;0.07641591007349763;0.07382002286460886;0.7381444878571976;0.7393242932659159;0.7403141361256544;0.710691823899371;0.04028719585161548;0.03893195521102498;47468.0;15858.0;16842.0;5579.0;248.0;92.0;707.0;226.0
4;_scaled;40;0.726702262682149;0.7006983018545201;0.09776744958087809;0.09042687547360445;0.833432927296407;0.8344748333716387;0.6167539267015707;0.5628930817610063;0.05309176131242113;0.049162318044493274;53805.0;17975.0;10505.0;3462.0;366.0;139.0;589.0;179.0
4;_scaled;45;0.7294791833730759;0.7071618811066389;0.09195919591959197;0.08657810352725608;0.8145100743124186;0.8166858193518731;0.6418848167539267;0.5943396226415094;0.049527349115294494;0.046689723320158104;52546.0;17578.0;11764.0;3859.0;342.0;129.0;613.0;189.0
4;_scaled;50;0.7336297677887132;0.7203346033998117;0.0876843910806175;0.08531204034461021;0.7962613958476978;0.7999080671110089;0.669109947643979;0.6383647798742138;0.04691629955947137;0.04571042557982436;51329.0;17199.0;12981.0;4238.0;316.0;115.0;639.0;203.0
4;_scaled;55;0.7393690655781348;0.7309224514248713;0.08493814564468817;0.08388607101053454;0.7801271738297709;0.7841415766490462;0.6973821989528796;0.6761006289308176;0.045223059686290486;0.0447171381031614;50249.0;16844.0;14061.0;4593.0;289.0;103.0;666.0;215.0
4;_scaled;60;0.7418295380442083;0.7307839000517238;0.08221315410465674;0.0803799780781878;0.7656630659618479;0.768604918409561;0.7172774869109948;0.6918238993710691;0.04360557642115984;0.04266873545384019;49286.0;16501.0;15024.0;4936.0;270.0;98.0;685.0;220.0
4;_scaled;65;0.7441396426504147;0.7343031342682359;0.07989998295163948;0.07824887969665634;0.7519190990576878;0.7541714548379683;0.7361256544502618;0.7138364779874213;0.04224251892801346;0.04139314369073669;48371.0;16180.0;15939.0;5257.0;252.0;91.0;703.0;227.0
4;_scaled;70;0.7497077311224021;0.7367864971014966;0.0785054802656444;0.07631837536849001;0.7384968972649966;0.740749253045277;0.7612565445026178;0.7327044025157232;0.04138676989639076;0.040255701451278506;47471.0;15882.0;16839.0;5555.0;228.0;85.0;727.0;233.0
4;_scaled;75;0.7500868665438432;0.7443367034542934;0.07627772916773894;0.07564864020006251;0.7250134068796446;0.728154447253505;0.7759162303664922;0.7610062893081762;0.0401104254628126;0.03980263157894737;46577.0;15599.0;17733.0;5838.0;214.0;76.0;741.0;242.0
4;_scaled;a;0.7465944976923784;0.7374903292755164;0.0791881550490767;0.07779087388449234;0.7455757297173063;0.7482417834980464;0.7476439790575916;0.7264150943396226;0.04180817425928095;0.0410958904109589;47946.0;16047.0;16364.0;5390.0;241.0;87.0;714.0;231.0
4;_woe_scaled;40;0.7363890220878744;0.7040076186385557;0.09458128078817733;0.08659217877094973;0.816946295870681;0.8196276717995863;0.6534031413612565;0.5849056603773585;0.050980392156862744;0.04675716440422323;52694.0;17645.0;11616.0;3792.0;331.0;132.0;624.0;186.0
4;_woe_scaled;45;0.7384377536490867;0.7135788120404298;0.08866120218579235;0.08335078534031413;0.795571899180265;0.7988048724431165;0.6795811518324607;0.6257861635220126;0.0474241870661308;0.04464886695086381;51274.0;17179.0;13036.0;4258.0;306.0;119.0;649.0;199.0
4;_woe_scaled;50;0.7453384742261998;0.7192027215626424;0.08497138591689475;0.08010732081257187;0.7746112004903087;0.7793610664215123;0.7151832460732984;0.6572327044025157;0.04516897030619668;0.042653061224489794;49872.0;16746.0;14438.0;4691.0;272.0;109.0;683.0;209.0
4;_woe_scaled;55;0.7493750819207683;0.7329215078966214;0.08159981611309045;0.07920792079207922;0.755121428024209;0.7606067570673408;0.743455497382199;0.7044025157232704;0.04316896698486046;0.04196328212813788;48573.0;16323.0;15737.0;5114.0;245.0;94.0;710.0;224.0
4;_woe_scaled;60;0.7546012402295492;0.7351579133591102;0.07935397039030956;0.07650273224043716;0.7379759442273807;0.7436451390484946;0.7717277486910995;0.7264150943396226;0.041827468785471056;0.040377556371263765;47427.0;15947.0;16883.0;5490.0;218.0;87.0;737.0;231.0
4;_woe_scaled;65;0.7576008225862784;0.7446399175234263;0.07741869502965841;0.07580266249021145;0.7235578028039531;0.7287520110319466;0.7926701570680629;0.7610062893081762;0.04069673673458416;0.03988791824625021;46466.0;15612.0;17844.0;5825.0;198.0;76.0;757.0;242.0
4;_woe_scaled;70;0.7570054570425808;0.7453177117210208;0.0750450757760343;0.07375335921170498;0.7091703056768559;0.7148241783498046;0.806282722513089;0.7767295597484277;0.039353981396299705;0.038714733542319746;45514.0;15304.0;18796.0;6133.0;185.0;71.0;770.0;247.0
4;_woe_scaled;75;0.7601863437977533;0.7496066431899469;0.07384500046855966;0.07264407264407265;0.6971424193671952;0.701907607446564;0.8251308900523561;0.7987421383647799;0.038652082209250996;0.03805243445692884;44711.0;15016.0;19599.0;6421.0;167.0;64.0;788.0;254.0
4;_woe_scaled;a;0.7575726947597574;0.7443092718960311;0.07625511528096615;0.07466340269277846;0.7163870374626523;0.7219949436911055;0.8;0.7672955974842768;0.040035633810197556;0.03924091347700225;45991.0;15463.0;18319.0;5974.0;191.0;74.0;764.0;244.0
4;_woe_pca;40;0.7273253896986213;0.6927873044988049;0.09101760668457176;0.08162344983089063;0.8133149467555352;0.812778671569754;0.6387434554973822;0.5691823899371069;0.04899991967226283;0.04396405149380617;52471.0;17501.0;11839.0;3936.0;345.0;137.0;610.0;181.0
4;_woe_pca;45;0.7329899106178271;0.7048967238504636;0.0858723914927662;0.07932011331444758;0.7899180265073164;0.7908526775453919;0.6743455497382199;0.6163522012578616;0.045855881515237826;0.04238754325259515;50910.0;17009.0;13400.0;4428.0;311.0;122.0;644.0;196.0
4;_woe_pca;50;0.7385480668326927;0.7116731255517484;0.08208366219415944;0.0766099185788305;0.7683444418907531;0.7706274419673639;0.7078534031413612;0.6509433962264151;0.04356792987883475;0.0406999606763665;49470.0;16558.0;14840.0;4879.0;279.0;111.0;676.0;207.0
4;_woe_pca;55;0.7447722134523467;0.7228303617767786;0.07948732362696048;0.07566638005159072;0.749099823795296;0.7529303608365893;0.7403141361256544;0.6918238993710691;0.041998336699536655;0.04002183008913953;48183.0;16160.0;16127.0;5277.0;248.0;98.0;707.0;220.0
4;_woe_pca;60;0.7447627696668868;0.7321353810478151;0.07640354579991558;0.07439474106140773;0.7318011185168161;0.734635715927373;0.7581151832460733;0.7295597484276729;0.040228927043396125;0.03919581010305795;47037.0;15750.0;17273.0;5687.0;231.0;86.0;724.0;232.0
4;_woe_pca;65;0.7507042133123182;0.740045058168106;0.07497628912294714;0.0735338802795503;0.7160652723511837;0.7196966214663296;0.7863874345549738;0.7610062893081762;0.03936471328231471;0.03863346104725415;45983.0;15415.0;18327.0;6022.0;204.0;76.0;751.0;242.0
4;_woe_pca;70;0.7540951835880034;0.7423418277280538;0.07341194370483074;0.07194662024949232;0.7014019765571133;0.7059066881176741;0.8083769633507853;0.779874213836478;0.03845195995417642;0.037712895377128956;45005.0;15109.0;19305.0;6328.0;183.0;70.0;772.0;248.0
4;_woe_pca;75;0.7549745546970215;0.7457677653079098;0.07172803499817718;0.07057846664821478;0.687887841875431;0.6912893587680993;0.8240837696335078;0.8018867924528302;0.037495831149649814;0.036913723219455706;44108.0;14784.0;20202.0;6653.0;168.0;63.0;787.0;255.0
4;_woe_pca;a;0.7513240431450737;0.7395977917448906;0.07404878048780487;0.07242505194419709;0.7091549835286908;0.7127097219030109;0.7947643979057591;0.7672955974842768;0.038833461243284725;0.038006230529595016;45524.0;15261.0;18786.0;6176.0;196.0;74.0;759.0;244.0
